"","citycode","countrycode","cityname","countryname","nrecord","pm10","pm25","o3","no2","so2","co","startyear","endyear","nopollutiondata","o38h","co8h"
"4","brsb.aus8809","aus8809","Brisbane","Australia",7822,TRUE,TRUE,TRUE,TRUE,TRUE,TRUE,1988,2009,FALSE,TRUE,FALSE
"5","mlbr.aus8809","aus8809","Melbourne","Australia",7822,TRUE,TRUE,TRUE,TRUE,TRUE,TRUE,1988,2009,FALSE,TRUE,FALSE
"6","sydn.aus8809","aus8809","Sydney","Australia",7822,TRUE,TRUE,TRUE,TRUE,FALSE,FALSE,1988,2009,FALSE,TRUE,FALSE
"22","spal.bra9711","bra9711","Sao Paulo","Brazil",5478,TRUE,FALSE,TRUE,TRUE,TRUE,FALSE,1997,2011,FALSE,FALSE,TRUE
"90","abbt.can8615","can8615","Abbotsford","Canada",10957,FALSE,TRUE,TRUE,TRUE,TRUE,TRUE,1986,2015,FALSE,TRUE,FALSE
"91","clgr.can8615","can8615","Calgary","Canada",10957,FALSE,TRUE,TRUE,TRUE,TRUE,TRUE,1986,2015,FALSE,TRUE,FALSE
"92","edmn.can8615","can8615","Edmonton","Canada",10957,FALSE,TRUE,TRUE,TRUE,TRUE,TRUE,1986,2015,FALSE,TRUE,FALSE
"93","hlfx.can8615","can8615","Halifax","Canada",10957,FALSE,TRUE,TRUE,TRUE,TRUE,TRUE,1986,2015,FALSE,TRUE,FALSE
"94","hmlt.can8615","can8615","Hamilton","Canada",10957,FALSE,TRUE,TRUE,TRUE,TRUE,TRUE,1986,2015,FALSE,TRUE,FALSE
"95","kngs.can8615","can8615","Kingston","Canada",10957,FALSE,TRUE,TRUE,TRUE,TRUE,TRUE,1986,2015,FALSE,TRUE,FALSE
"96","ktwa.can8615","can8615","Kitchener-Waterloo","Canada",10957,FALSE,TRUE,TRUE,TRUE,TRUE,TRUE,1986,2015,FALSE,TRUE,FALSE
"97","lndo.can8615","can8615","London Ontario","Canada",10957,FALSE,TRUE,TRUE,TRUE,TRUE,TRUE,1986,2015,FALSE,TRUE,FALSE
"98","mntr.can8615","can8615","Montreal","Canada",10957,FALSE,TRUE,TRUE,TRUE,TRUE,TRUE,1986,2015,FALSE,TRUE,FALSE
"99","nigr.can8615","can8615","Niagara","Canada",10957,FALSE,FALSE,TRUE,FALSE,FALSE,FALSE,1986,2015,FALSE,TRUE,FALSE
"100","okvl.can8615","can8615","Oakville","Canada",10957,FALSE,TRUE,TRUE,TRUE,TRUE,TRUE,1986,2015,FALSE,TRUE,FALSE
"101","oshw.can8615","can8615","Oshawa","Canada",10957,FALSE,TRUE,TRUE,TRUE,TRUE,FALSE,1986,2015,FALSE,TRUE,FALSE
"102","ottw.can8615","can8615","Ottawa","Canada",10957,FALSE,TRUE,TRUE,TRUE,TRUE,TRUE,1986,2015,FALSE,TRUE,FALSE
"103","regn.can8615","can8615","Regina","Canada",10957,FALSE,TRUE,TRUE,TRUE,TRUE,TRUE,1986,2015,FALSE,TRUE,FALSE
"104","sarn.can8615","can8615","Sarnia","Canada",10957,FALSE,TRUE,TRUE,TRUE,TRUE,TRUE,1986,2015,FALSE,TRUE,FALSE
"105","sdbr.can8615","can8615","Sudbury","Canada",10957,FALSE,TRUE,TRUE,TRUE,TRUE,TRUE,1986,2015,FALSE,TRUE,FALSE
"106","sjnb.can8615","can8615","Saint John NB","Canada",10957,FALSE,TRUE,TRUE,TRUE,TRUE,TRUE,1986,2015,FALSE,TRUE,FALSE
"107","sjnf.can8615","can8615","St. John's NFL","Canada",10957,FALSE,TRUE,TRUE,TRUE,TRUE,TRUE,1986,2015,FALSE,TRUE,FALSE
"108","slsm.can8615","can8615","Sault Ste. Marie","Canada",10957,FALSE,TRUE,TRUE,TRUE,TRUE,TRUE,1986,2015,FALSE,TRUE,FALSE
"109","sskt.can8615","can8615","Saskatoon","Canada",10957,FALSE,TRUE,TRUE,TRUE,TRUE,TRUE,1986,2015,FALSE,TRUE,FALSE
"110","thnb.can8615","can8615","Thunder Bay","Canada",10957,FALSE,TRUE,TRUE,TRUE,TRUE,TRUE,1986,2015,FALSE,TRUE,FALSE
"111","trnt.can8615","can8615","Toronto","Canada",10957,FALSE,TRUE,TRUE,TRUE,TRUE,TRUE,1986,2015,FALSE,TRUE,FALSE
"112","vctr.can8615","can8615","Victoria","Canada",10957,FALSE,TRUE,TRUE,TRUE,TRUE,TRUE,1986,2015,FALSE,TRUE,FALSE
"113","vncv.can8615","can8615","Vancouver","Canada",10957,FALSE,TRUE,TRUE,TRUE,TRUE,TRUE,1986,2015,FALSE,TRUE,FALSE
"114","wnds.can8615","can8615","Windsor","Canada",10957,FALSE,TRUE,TRUE,TRUE,TRUE,TRUE,1986,2015,FALSE,TRUE,FALSE
"115","wnnp.can8615","can8615","Winnipeg","Canada",10957,FALSE,TRUE,TRUE,TRUE,TRUE,TRUE,1986,2015,FALSE,TRUE,FALSE
"133","ansh.chi9615","chi9615","Anshan","China",1096,TRUE,FALSE,FALSE,TRUE,TRUE,FALSE,2004,2006,FALSE,FALSE,FALSE
"134","bjng.chi9615","chi9615","Beijing","China",3287,TRUE,TRUE,TRUE,TRUE,TRUE,TRUE,2007,2015,FALSE,FALSE,FALSE
"135","fuzh.chi9615","chi9615","Fuzhou","China",1096,TRUE,FALSE,FALSE,TRUE,TRUE,FALSE,2004,2006,FALSE,FALSE,FALSE
"136","gngz.chi9615","chi9615","Guangzhou","China",3379,TRUE,TRUE,TRUE,TRUE,TRUE,TRUE,2007,2015,FALSE,FALSE,FALSE
"137","hngk.chi9615","chi9615","Hong Kong","China",2557,TRUE,FALSE,FALSE,TRUE,TRUE,FALSE,1996,2002,FALSE,FALSE,FALSE
"138","hngz.chi9615","chi9615","Hangzhou","China",1094,TRUE,FALSE,FALSE,TRUE,TRUE,FALSE,2002,2004,FALSE,FALSE,FALSE
"139","lnzh.chi9615","chi9615","Lanzhou","China",1827,TRUE,FALSE,FALSE,TRUE,TRUE,FALSE,2004,2008,FALSE,FALSE,FALSE
"141","shng.chi9615","chi9615","Shanghai","China",5478,TRUE,TRUE,TRUE,TRUE,TRUE,TRUE,2001,2015,FALSE,FALSE,FALSE
"142","shny.chi9615","chi9615","Shenyang","China",1461,TRUE,FALSE,FALSE,TRUE,TRUE,FALSE,2005,2008,FALSE,FALSE,FALSE
"143","suzh.chi9615","chi9615","Suzhu","China",1461,TRUE,FALSE,FALSE,TRUE,TRUE,FALSE,2005,2008,FALSE,FALSE,FALSE
"144","tayn.chi9615","chi9615","Taiyuan","China",1827,TRUE,FALSE,FALSE,TRUE,TRUE,FALSE,2004,2008,FALSE,FALSE,FALSE
"146","tnjn.chi9615","chi9615","Tianjin","China",1461,TRUE,FALSE,FALSE,TRUE,TRUE,FALSE,2005,2008,FALSE,FALSE,FALSE
"147","wlmq.chi9615","chi9615","Wulumuqi","China",730,TRUE,FALSE,FALSE,TRUE,TRUE,FALSE,2006,2007,FALSE,FALSE,FALSE
"148","wuhn.chi9615","chi9615","Wuhan","China",1096,TRUE,FALSE,FALSE,TRUE,TRUE,FALSE,2003,2005,FALSE,FALSE,FALSE
"149","xian.chi9615","chi9615","Xian","China",1827,TRUE,FALSE,FALSE,TRUE,TRUE,FALSE,2004,2008,FALSE,FALSE,FALSE
"154","chll.chl0414","chl0414","Chillan","Chile",2557,TRUE,TRUE,FALSE,FALSE,FALSE,FALSE,2008,2014,FALSE,FALSE,FALSE
"155","sntg.chl0414","chl0414","Santiago","Chile",2557,TRUE,TRUE,TRUE,TRUE,FALSE,TRUE,2008,2014,FALSE,FALSE,FALSE
"156","temc.chl0414","chl0414","Temuco","Chile",3410,TRUE,TRUE,FALSE,TRUE,FALSE,TRUE,2004,2013,FALSE,FALSE,FALSE
"157","vlpr.chl0414","chl0414","Valparaiso","Chile",3277,TRUE,TRUE,TRUE,TRUE,FALSE,TRUE,2004,2013,FALSE,FALSE,FALSE
"158","bogt.col9813","col9813","Bogota","Colombia",5844,TRUE,FALSE,TRUE,TRUE,TRUE,FALSE,1998,2013,FALSE,FALSE,FALSE
"164","fama.cyp0419","cyp0419","famagusta","Cyprus",5844,TRUE,TRUE,TRUE,TRUE,TRUE,TRUE,2004,2019,FALSE,FALSE,FALSE
"165","larn.cyp0419","cyp0419","larnaka","Cyprus",5844,TRUE,FALSE,TRUE,TRUE,TRUE,TRUE,2004,2019,FALSE,FALSE,FALSE
"166","lima.cyp0419","cyp0419","limassol","Cyprus",5844,TRUE,FALSE,TRUE,TRUE,TRUE,TRUE,2004,2019,FALSE,FALSE,FALSE
"167","nico.cyp0419","cyp0419","nicosia","Cyprus",5844,TRUE,TRUE,TRUE,TRUE,TRUE,TRUE,2004,2019,FALSE,FALSE,FALSE
"168","pafo.cyp0419","cyp0419","pafos","Cyprus",5844,TRUE,FALSE,TRUE,TRUE,TRUE,TRUE,2004,2019,FALSE,FALSE,FALSE
"175","prag.cze9420","cze9420","Prague","Czech Republic",9862,TRUE,FALSE,FALSE,TRUE,TRUE,FALSE,1994,2020,FALSE,TRUE,FALSE
"178","quit.ecu1418","ecu1418","Quito","Ecuador",1826,FALSE,TRUE,TRUE,TRUE,TRUE,TRUE,2014,2018,FALSE,FALSE,FALSE
"189","khjl.est9720","est9720","Kohtla-Jarve linn","Estonia",8766,TRUE,TRUE,FALSE,TRUE,TRUE,FALSE,1997,2020,FALSE,TRUE,FALSE
"190","nrvl.est9720","est9720","Narva linn","Estonia",8766,TRUE,TRUE,FALSE,TRUE,TRUE,FALSE,1997,2020,FALSE,TRUE,FALSE
"192","tlln.est9720","est9720","Tallinn","Estonia",8766,TRUE,FALSE,FALSE,TRUE,TRUE,FALSE,1997,2020,FALSE,TRUE,FALSE
"193","trtl.est9720","est9720","Tartu linn","Estonia",8766,TRUE,TRUE,FALSE,TRUE,TRUE,FALSE,1997,2020,FALSE,TRUE,FALSE
"251","brdx.fra0017","fra0017","Bordeaux","France",6575,TRUE,TRUE,TRUE,TRUE,FALSE,FALSE,2000,2017,FALSE,FALSE,FALSE
"252","clfr.fra0017","fra0017","Clermont-Ferrand","France",6575,TRUE,TRUE,TRUE,TRUE,FALSE,FALSE,2000,2017,FALSE,FALSE,FALSE
"253","dijn.fra0017","fra0017","Dijon","France",6575,TRUE,TRUE,TRUE,TRUE,FALSE,FALSE,2000,2017,FALSE,FALSE,FALSE
"254","grnb.fra0017","fra0017","Grenoble","France",6575,TRUE,TRUE,TRUE,TRUE,FALSE,FALSE,2000,2017,FALSE,FALSE,FALSE
"255","lhvr.fra0017","fra0017","Le Havre","France",6575,TRUE,TRUE,TRUE,TRUE,FALSE,FALSE,2000,2017,FALSE,FALSE,FALSE
"256","lill.fra0017","fra0017","Lille","France",6575,TRUE,TRUE,TRUE,TRUE,FALSE,FALSE,2000,2017,FALSE,FALSE,FALSE
"257","lndu.fra0017","fra0017","Lens-Douai ","France",6575,TRUE,TRUE,TRUE,TRUE,FALSE,FALSE,2000,2017,FALSE,FALSE,FALSE
"258","lyon.fra0017","fra0017","Lyon","France",6575,TRUE,TRUE,TRUE,TRUE,FALSE,FALSE,2000,2017,FALSE,FALSE,FALSE
"259","mntp.fra0017","fra0017","Montpellier","France",6575,TRUE,TRUE,TRUE,TRUE,FALSE,FALSE,2000,2017,FALSE,FALSE,FALSE
"260","mrsl.fra0017","fra0017","Marseille","France",6575,TRUE,TRUE,TRUE,TRUE,FALSE,FALSE,2000,2017,FALSE,FALSE,FALSE
"261","nice.fra0017","fra0017","Nice","France",6575,TRUE,TRUE,TRUE,TRUE,FALSE,FALSE,2000,2017,FALSE,FALSE,FALSE
"262","nncy.fra0017","fra0017","Nancy","France",6575,TRUE,TRUE,TRUE,TRUE,FALSE,FALSE,2000,2017,FALSE,FALSE,FALSE
"263","nnts.fra0017","fra0017","Nantes","France",6575,TRUE,TRUE,TRUE,TRUE,FALSE,FALSE,2000,2017,FALSE,FALSE,FALSE
"264","orln.fra0017","fra0017","Orleans","France",6575,TRUE,TRUE,TRUE,FALSE,FALSE,FALSE,2000,2017,FALSE,FALSE,FALSE
"265","pars.fra0017","fra0017","Paris","France",6575,TRUE,TRUE,TRUE,TRUE,FALSE,FALSE,2000,2017,FALSE,FALSE,FALSE
"266","rnns.fra0017","fra0017","Rennes","France",6575,TRUE,TRUE,TRUE,TRUE,FALSE,FALSE,2000,2017,FALSE,FALSE,FALSE
"267","roun.fra0017","fra0017","Rouen","France",6575,TRUE,TRUE,TRUE,TRUE,FALSE,FALSE,2000,2017,FALSE,FALSE,FALSE
"268","strs.fra0017","fra0017","Strasbourg","France",6575,TRUE,TRUE,TRUE,TRUE,FALSE,FALSE,2000,2017,FALSE,FALSE,FALSE
"269","tols.fra0017","fra0017","Toulouse","France",6575,TRUE,TRUE,TRUE,TRUE,FALSE,FALSE,2000,2017,FALSE,FALSE,FALSE
"270","tors.fra0017","fra0017","Tours","France",6575,TRUE,TRUE,TRUE,FALSE,FALSE,FALSE,2000,2017,FALSE,FALSE,FALSE
"272","brln.ger9315","ger9315","Berlin","Germany",8400,TRUE,TRUE,TRUE,TRUE,TRUE,TRUE,1993,2015,FALSE,TRUE,TRUE
"273","brmn.ger9315","ger9315","Bremen","Germany",8400,TRUE,TRUE,TRUE,TRUE,TRUE,TRUE,1993,2015,FALSE,TRUE,TRUE
"274","drsd.ger9315","ger9315","Dresden","Germany",8400,TRUE,TRUE,TRUE,TRUE,TRUE,TRUE,1993,2015,FALSE,TRUE,TRUE
"275","drtm.ger9315","ger9315","Dortmund","Germany",8400,TRUE,TRUE,TRUE,TRUE,TRUE,TRUE,1993,2015,FALSE,TRUE,TRUE
"276","dssl.ger9315","ger9315","Dusseldorf","Germany",8400,TRUE,TRUE,TRUE,TRUE,TRUE,TRUE,1993,2015,FALSE,TRUE,TRUE
"277","frnk.ger9315","ger9315","Frankfurt","Germany",8400,TRUE,TRUE,TRUE,TRUE,TRUE,TRUE,1993,2015,FALSE,TRUE,TRUE
"278","hmbr.ger9315","ger9315","Hamburg","Germany",8400,TRUE,TRUE,TRUE,TRUE,TRUE,TRUE,1993,2015,FALSE,TRUE,TRUE
"279","hnnv.ger9315","ger9315","Hannover","Germany",8400,TRUE,TRUE,TRUE,TRUE,TRUE,TRUE,1993,2015,FALSE,TRUE,TRUE
"280","koln.ger9315","ger9315","Koeln","Germany",8400,TRUE,FALSE,TRUE,TRUE,TRUE,TRUE,1993,2015,FALSE,TRUE,TRUE
"281","lpzg.ger9315","ger9315","Leipzig","Germany",8400,TRUE,TRUE,TRUE,TRUE,TRUE,TRUE,1993,2015,FALSE,TRUE,TRUE
"282","mnch.ger9315","ger9315","Muenchen","Germany",8400,TRUE,TRUE,TRUE,TRUE,TRUE,TRUE,1993,2015,FALSE,TRUE,TRUE
"283","sttt.ger9315","ger9315","Stuttgart","Germany",8400,TRUE,TRUE,TRUE,TRUE,TRUE,TRUE,1993,2015,FALSE,TRUE,TRUE
"284","athn.grc0110","grc0110","Athens","Greece",3652,TRUE,TRUE,FALSE,TRUE,FALSE,FALSE,2001,2010,FALSE,TRUE,TRUE
"286","rykj.ice0018","ice0018","Reykjavik","Iceland",6940,TRUE,FALSE,FALSE,FALSE,FALSE,FALSE,2000,2018,FALSE,FALSE,FALSE
"293","mshh.irn0215","irn0215","Mashhad","Iran",3653,TRUE,TRUE,TRUE,TRUE,TRUE,TRUE,2004,2013,FALSE,FALSE,FALSE
"294","thrn.irn0215","irn0215","Tehran","Iran",5113,TRUE,TRUE,TRUE,TRUE,TRUE,TRUE,2002,2015,FALSE,FALSE,FALSE
"296","brsh.isr8520","isr8520","Beer Sheva","Israel",13149,TRUE,TRUE,TRUE,TRUE,FALSE,FALSE,1985,2020,FALSE,FALSE,FALSE
"297","haif.isr8520","isr8520","Haifa","Israel",8036,TRUE,TRUE,TRUE,TRUE,FALSE,FALSE,1999,2020,FALSE,FALSE,FALSE
"298","jrsl.isr8520","isr8520","Jerusalem","Israel",13149,TRUE,TRUE,TRUE,TRUE,FALSE,FALSE,1985,2020,FALSE,FALSE,FALSE
"299","tlav.isr8520","isr8520","Tel Aviv","Israel",13149,TRUE,TRUE,TRUE,TRUE,FALSE,FALSE,1985,2020,FALSE,FALSE,FALSE
"316","ancn.ita0615","ita0615","Ancona","Italy",3287,TRUE,FALSE,FALSE,FALSE,FALSE,FALSE,2006,2014,FALSE,TRUE,FALSE
"317","bari.ita0615","ita0615","Bari","Italy",3652,TRUE,FALSE,FALSE,FALSE,FALSE,TRUE,2006,2015,FALSE,TRUE,TRUE
"318","blgn.ita0615","ita0615","Bologna","Italy",3652,TRUE,FALSE,FALSE,FALSE,FALSE,FALSE,2006,2015,FALSE,TRUE,FALSE
"319","catn.ita0615","ita0615","Catania","Italy",2922,TRUE,FALSE,FALSE,FALSE,FALSE,FALSE,2008,2015,FALSE,FALSE,FALSE
"320","cglr.ita0615","ita0615","Cagliari","Italy",3652,TRUE,FALSE,FALSE,FALSE,FALSE,FALSE,2006,2015,FALSE,TRUE,FALSE
"321","cvtv.ita0615","ita0615","Civitavecchia","Italy",2922,TRUE,FALSE,FALSE,FALSE,FALSE,TRUE,2008,2015,FALSE,FALSE,TRUE
"322","flrn.ita0615","ita0615","Florence","Italy",3652,TRUE,FALSE,FALSE,FALSE,FALSE,TRUE,2006,2015,FALSE,TRUE,TRUE
"323","frsn.ita0615","ita0615","Frosinone","Italy",3652,TRUE,FALSE,FALSE,FALSE,FALSE,TRUE,2006,2015,FALSE,TRUE,TRUE
"324","geno.ita0615","ita0615","Genoa","Italy",3652,TRUE,FALSE,FALSE,FALSE,FALSE,TRUE,2006,2015,FALSE,TRUE,TRUE
"325","latn.ita0615","ita0615","Latina","Italy",3652,TRUE,FALSE,FALSE,FALSE,FALSE,TRUE,2006,2015,FALSE,TRUE,TRUE
"326","miln.ita0615","ita0615","Milan","Italy",3652,TRUE,FALSE,FALSE,FALSE,FALSE,TRUE,2006,2015,FALSE,TRUE,TRUE
"327","npls.ita0615","ita0615","Naples","Italy",2556,TRUE,FALSE,FALSE,FALSE,FALSE,TRUE,2009,2015,FALSE,FALSE,TRUE
"328","plrm.ita0615","ita0615","Palermo","Italy",2922,TRUE,FALSE,FALSE,FALSE,FALSE,FALSE,2008,2015,FALSE,FALSE,FALSE
"329","riet.ita0615","ita0615","Rieti","Italy",2922,TRUE,FALSE,FALSE,FALSE,FALSE,TRUE,2008,2015,FALSE,TRUE,TRUE
"330","rome.ita0615","ita0615","Rome","Italy",3652,TRUE,FALSE,FALSE,FALSE,FALSE,TRUE,2006,2015,FALSE,TRUE,TRUE
"331","trst.ita0615","ita0615","Trieste","Italy",3652,TRUE,FALSE,FALSE,FALSE,FALSE,TRUE,2006,2015,FALSE,TRUE,TRUE
"332","turn.ita0615","ita0615","Turin","Italy",3652,TRUE,FALSE,FALSE,FALSE,FALSE,TRUE,2006,2015,FALSE,TRUE,TRUE
"333","vtrb.ita0615","ita0615","Viterbo","Italy",3652,TRUE,FALSE,FALSE,FALSE,FALSE,FALSE,2006,2015,FALSE,TRUE,FALSE
"393","akit.jap1219","jap1219","Akita","Japan",2922,TRUE,TRUE,FALSE,TRUE,TRUE,FALSE,2012,2019,FALSE,TRUE,FALSE
"394","aomr.jap1219","jap1219","Aomori","Japan",2922,TRUE,TRUE,FALSE,TRUE,TRUE,FALSE,2012,2019,FALSE,TRUE,FALSE
"395","chib.jap1219","jap1219","Chiba","Japan",2922,TRUE,TRUE,FALSE,TRUE,TRUE,FALSE,2012,2019,FALSE,TRUE,FALSE
"396","fksh.jap1219","jap1219","Fukushima","Japan",2922,TRUE,TRUE,FALSE,TRUE,TRUE,FALSE,2012,2019,FALSE,TRUE,FALSE
"397","fukk.jap1219","jap1219","Fukuoka","Japan",2922,TRUE,TRUE,FALSE,TRUE,TRUE,FALSE,2012,2019,FALSE,TRUE,FALSE
"398","fuku.jap1219","jap1219","Fukui","Japan",2922,TRUE,TRUE,FALSE,TRUE,TRUE,FALSE,2012,2019,FALSE,TRUE,FALSE
"399","gifu.jap1219","jap1219","Gifu","Japan",2922,TRUE,TRUE,FALSE,TRUE,TRUE,FALSE,2012,2019,FALSE,TRUE,FALSE
"400","hrsh.jap1219","jap1219","Hiroshima","Japan",2922,TRUE,TRUE,FALSE,TRUE,TRUE,FALSE,2012,2019,FALSE,TRUE,FALSE
"401","kgsh.jap1219","jap1219","Kagoshima","Japan",2922,TRUE,TRUE,FALSE,TRUE,TRUE,FALSE,2012,2019,FALSE,TRUE,FALSE
"402","kmmt.jap1219","jap1219","Kumamoto","Japan",2922,TRUE,TRUE,FALSE,TRUE,TRUE,FALSE,2012,2019,FALSE,TRUE,FALSE
"403","knzw.jap1219","jap1219","Kanazawa","Japan",2922,TRUE,TRUE,FALSE,TRUE,TRUE,FALSE,2012,2019,FALSE,TRUE,FALSE
"404","kobe.jap1219","jap1219","Kobe","Japan",2922,TRUE,TRUE,FALSE,TRUE,TRUE,FALSE,2012,2019,FALSE,TRUE,FALSE
"405","koch.jap1219","jap1219","Kochi","Japan",2922,TRUE,TRUE,FALSE,TRUE,TRUE,FALSE,2012,2019,FALSE,TRUE,FALSE
"406","kofu.jap1219","jap1219","Kofu","Japan",2922,TRUE,TRUE,FALSE,TRUE,TRUE,FALSE,2012,2019,FALSE,TRUE,FALSE
"407","kyot.jap1219","jap1219","Kyoto","Japan",2922,TRUE,TRUE,FALSE,TRUE,TRUE,FALSE,2012,2019,FALSE,TRUE,FALSE
"408","mats.jap1219","jap1219","Matsue","Japan",2922,TRUE,TRUE,FALSE,TRUE,TRUE,FALSE,2012,2019,FALSE,TRUE,FALSE
"409","mbsh.jap1219","jap1219","Maebashi","Japan",2922,TRUE,TRUE,FALSE,TRUE,TRUE,FALSE,2012,2019,FALSE,TRUE,FALSE
"410","mito.jap1219","jap1219","Mito","Japan",2922,TRUE,TRUE,FALSE,TRUE,TRUE,FALSE,2012,2019,FALSE,TRUE,FALSE
"411","mork.jap1219","jap1219","Morioka","Japan",2922,TRUE,TRUE,FALSE,TRUE,TRUE,FALSE,2012,2019,FALSE,TRUE,FALSE
"412","mtsy.jap1219","jap1219","Matsuyama","Japan",2922,TRUE,TRUE,FALSE,TRUE,TRUE,FALSE,2012,2019,FALSE,TRUE,FALSE
"413","myzk.jap1219","jap1219","Miyazaki","Japan",2922,TRUE,TRUE,FALSE,TRUE,TRUE,FALSE,2012,2019,FALSE,TRUE,FALSE
"414","nagn.jap1219","jap1219","Nagano","Japan",2922,TRUE,TRUE,FALSE,TRUE,TRUE,FALSE,2012,2019,FALSE,TRUE,FALSE
"415","nagy.jap1219","jap1219","Nagoya","Japan",2922,TRUE,TRUE,FALSE,TRUE,TRUE,FALSE,2012,2019,FALSE,TRUE,FALSE
"416","naha.jap1219","jap1219","Naha","Japan",2922,TRUE,TRUE,FALSE,TRUE,TRUE,FALSE,2012,2019,FALSE,TRUE,FALSE
"417","nara.jap1219","jap1219","Nara","Japan",2922,TRUE,TRUE,FALSE,TRUE,TRUE,FALSE,2012,2019,FALSE,TRUE,FALSE
"418","ngsk.jap1219","jap1219","Nagasaki","Japan",2922,TRUE,TRUE,FALSE,TRUE,TRUE,FALSE,2012,2019,FALSE,TRUE,FALSE
"419","nigt.jap1219","jap1219","Niigata","Japan",2922,TRUE,TRUE,FALSE,TRUE,TRUE,FALSE,2012,2019,FALSE,TRUE,FALSE
"420","oita.jap1219","jap1219","Oita","Japan",2922,TRUE,TRUE,FALSE,TRUE,TRUE,FALSE,2012,2019,FALSE,TRUE,FALSE
"421","okym.jap1219","jap1219","Okayama","Japan",2922,TRUE,TRUE,FALSE,TRUE,TRUE,FALSE,2012,2019,FALSE,TRUE,FALSE
"422","osak.jap1219","jap1219","Osaka","Japan",2922,TRUE,TRUE,FALSE,TRUE,TRUE,FALSE,2012,2019,FALSE,TRUE,FALSE
"423","otsu.jap1219","jap1219","Otsu","Japan",2922,TRUE,TRUE,FALSE,TRUE,TRUE,FALSE,2012,2019,FALSE,TRUE,FALSE
"424","saga.jap1219","jap1219","Saga","Japan",2922,TRUE,TRUE,FALSE,TRUE,TRUE,FALSE,2012,2019,FALSE,TRUE,FALSE
"425","satm.jap1219","jap1219","Saitama","Japan",2922,TRUE,TRUE,FALSE,TRUE,TRUE,FALSE,2012,2019,FALSE,TRUE,FALSE
"426","send.jap1219","jap1219","Sendai","Japan",2922,TRUE,TRUE,FALSE,TRUE,TRUE,FALSE,2012,2019,FALSE,TRUE,FALSE
"427","shmn.jap1219","jap1219","Shimonoseki","Japan",2922,TRUE,TRUE,FALSE,TRUE,TRUE,FALSE,2012,2019,FALSE,TRUE,FALSE
"428","shzk.jap1219","jap1219","Shizuoka","Japan",2922,TRUE,TRUE,FALSE,TRUE,TRUE,FALSE,2012,2019,FALSE,TRUE,FALSE
"429","sppr.jap1219","jap1219","Sapporo","Japan",2922,TRUE,TRUE,FALSE,TRUE,TRUE,FALSE,2012,2019,FALSE,TRUE,FALSE
"430","tkmt.jap1219","jap1219","Takamatsu","Japan",2922,TRUE,TRUE,FALSE,TRUE,TRUE,FALSE,2012,2019,FALSE,TRUE,FALSE
"431","tksh.jap1219","jap1219","Tokushima","Japan",2922,TRUE,TRUE,FALSE,TRUE,TRUE,FALSE,2012,2019,FALSE,TRUE,FALSE
"432","toky.jap1219","jap1219","Tokyo","Japan",2922,TRUE,TRUE,FALSE,TRUE,TRUE,FALSE,2012,2019,FALSE,TRUE,FALSE
"433","toym.jap1219","jap1219","Toyama","Japan",2922,TRUE,TRUE,FALSE,TRUE,TRUE,FALSE,2012,2019,FALSE,TRUE,FALSE
"434","tsu.jap1219","jap1219","Tsu","Japan",2922,TRUE,TRUE,FALSE,TRUE,TRUE,FALSE,2012,2019,FALSE,TRUE,FALSE
"435","tttr.jap1219","jap1219","Tottori","Japan",2922,TRUE,TRUE,FALSE,TRUE,TRUE,FALSE,2012,2019,FALSE,TRUE,FALSE
"436","utsn.jap1219","jap1219","Utsunomiya","Japan",2922,TRUE,TRUE,FALSE,TRUE,TRUE,FALSE,2012,2019,FALSE,TRUE,FALSE
"437","wkym.jap1219","jap1219","Wakayama","Japan",2922,TRUE,TRUE,FALSE,TRUE,TRUE,FALSE,2012,2019,FALSE,TRUE,FALSE
"438","ykhm.jap1219","jap1219","Yokohama","Japan",2922,TRUE,TRUE,FALSE,TRUE,TRUE,FALSE,2012,2019,FALSE,TRUE,FALSE
"439","ymgt.jap1219","jap1219","Yamagata","Japan",2922,TRUE,TRUE,FALSE,TRUE,TRUE,FALSE,2012,2019,FALSE,TRUE,FALSE
"595","busn.kor9215","kor9215","Busan","South Korea",8766,TRUE,FALSE,TRUE,TRUE,TRUE,TRUE,1992,2015,FALSE,TRUE,FALSE
"596","daeg.kor9215","kor9215","Daegu","South Korea",8766,TRUE,FALSE,TRUE,TRUE,TRUE,TRUE,1992,2015,FALSE,TRUE,FALSE
"597","dajn.kor9215","kor9215","Daejeon","South Korea",8766,TRUE,FALSE,TRUE,TRUE,TRUE,TRUE,1992,2015,FALSE,TRUE,FALSE
"598","gwng.kor9215","kor9215","Gwangju","South Korea",8766,TRUE,FALSE,TRUE,TRUE,TRUE,TRUE,1992,2015,FALSE,TRUE,FALSE
"599","inch.kor9215","kor9215","Incheon","South Korea",8766,TRUE,FALSE,TRUE,TRUE,TRUE,TRUE,1992,2015,FALSE,TRUE,FALSE
"600","seol.kor9215","kor9215","Seoul","South Korea",8766,TRUE,FALSE,TRUE,TRUE,TRUE,TRUE,1992,2015,FALSE,TRUE,FALSE
"601","ulsn.kor9215","kor9215","Ulsan","South Korea",8766,TRUE,FALSE,TRUE,TRUE,TRUE,TRUE,1992,2015,FALSE,TRUE,FALSE
"638","kuwt.kuw0016","kuw0016","Kuwait","Kuwait",6210,TRUE,FALSE,TRUE,FALSE,FALSE,FALSE,2000,2016,FALSE,FALSE,FALSE
"640","cddj.mex9814","mex9814","Ciudad Juarez","Mexico",6209,TRUE,TRUE,FALSE,FALSE,FALSE,FALSE,1998,2014,FALSE,TRUE,FALSE
"642","gdlj.mex9814","mex9814","Guadalajara","Mexico",6209,TRUE,TRUE,FALSE,FALSE,FALSE,FALSE,1998,2014,FALSE,TRUE,FALSE
"643","leon.mex9814","mex9814","Leon","Mexico",6209,TRUE,FALSE,FALSE,FALSE,FALSE,FALSE,1998,2014,FALSE,TRUE,FALSE
"644","mntr.mex9814","mex9814","Monterrey","Mexico",6209,TRUE,TRUE,FALSE,FALSE,FALSE,FALSE,1998,2014,FALSE,TRUE,FALSE
"645","pbtx.mex9814","mex9814","Puebla-Tlaxcala","Mexico",6209,TRUE,TRUE,FALSE,FALSE,FALSE,FALSE,1998,2014,FALSE,TRUE,FALSE
"646","snlp.mex9814","mex9814","San Luis Potosi","Mexico",6209,FALSE,FALSE,FALSE,FALSE,FALSE,FALSE,1998,2014,TRUE,TRUE,FALSE
"647","tijn.mex9814","mex9814","Tijuana","Mexico",6209,TRUE,FALSE,FALSE,FALSE,FALSE,FALSE,1998,2014,FALSE,TRUE,FALSE
"648","tldl.mex9814","mex9814","Toluca de Lerdo","Mexico",6209,TRUE,TRUE,FALSE,FALSE,FALSE,FALSE,1998,2014,FALSE,TRUE,FALSE
"649","vlom.mex9814","mex9814","Valley of Mexico","Mexico",6209,TRUE,TRUE,FALSE,FALSE,FALSE,FALSE,1998,2014,FALSE,TRUE,FALSE
"654","malt.mlt9519","mlt9519","Malta","Malta",9131,TRUE,TRUE,TRUE,TRUE,TRUE,FALSE,1995,2019,FALSE,FALSE,FALSE
"665","oslo.nor6918","nor6918","Oslo","Norway",18262,TRUE,TRUE,TRUE,FALSE,FALSE,FALSE,1969,2018,FALSE,FALSE,FALSE
"678","lima.per0814","per0814","lima","Peru",2557,TRUE,TRUE,TRUE,TRUE,TRUE,TRUE,2008,2014,FALSE,FALSE,FALSE
"706","beja.por8018","por8018","Beja","Portugal",14245,TRUE,TRUE,TRUE,TRUE,TRUE,FALSE,1980,2018,FALSE,TRUE,FALSE
"707","cmbr.por8018","por8018","Coimbra","Portugal",14245,TRUE,FALSE,TRUE,TRUE,TRUE,FALSE,1980,2018,FALSE,TRUE,FALSE
"708","cstl.por8018","por8018","Castelobranco","Portugal",14245,TRUE,TRUE,TRUE,TRUE,TRUE,FALSE,1980,2018,FALSE,TRUE,FALSE
"709","faro.por8018","por8018","Faro","Portugal",14245,FALSE,TRUE,TRUE,TRUE,TRUE,FALSE,1980,2018,FALSE,TRUE,FALSE
"710","lisb.por8018","por8018","Lisboa","Portugal",14245,TRUE,TRUE,TRUE,TRUE,TRUE,TRUE,1980,2018,FALSE,TRUE,FALSE
"711","port.por8018","por8018","Porto","Portugal",14245,TRUE,FALSE,TRUE,TRUE,TRUE,TRUE,1980,2018,FALSE,TRUE,FALSE
"712","snjn.pue0916","pue0916","San Juan","Puertorico",2922,TRUE,FALSE,TRUE,FALSE,TRUE,TRUE,2009,2016,FALSE,FALSE,FALSE
"714","bchr.rom9416","rom9416","Bucharest","Romania",8401,TRUE,TRUE,TRUE,TRUE,TRUE,TRUE,1994,2016,FALSE,FALSE,FALSE
"715","brsv.rom9416","rom9416","Brasov","Romania",8401,FALSE,TRUE,TRUE,TRUE,TRUE,TRUE,1994,2016,FALSE,FALSE,FALSE
"716","clnp.rom9416","rom9416","Cluj-Napoca","Romania",8401,FALSE,TRUE,FALSE,TRUE,TRUE,FALSE,1994,2016,FALSE,FALSE,FALSE
"717","cnst.rom9416","rom9416","Constanta","Romania",8401,FALSE,TRUE,TRUE,TRUE,TRUE,TRUE,1994,2016,FALSE,FALSE,FALSE
"718","crav.rom9416","rom9416","Craiova","Romania",8401,TRUE,TRUE,TRUE,TRUE,TRUE,TRUE,1994,2016,FALSE,FALSE,FALSE
"719","galt.rom9416","rom9416","Galati","Romania",8401,FALSE,TRUE,TRUE,TRUE,TRUE,TRUE,1994,2016,FALSE,FALSE,FALSE
"720","iasi.rom9416","rom9416","Iasi","Romania",8401,FALSE,TRUE,FALSE,TRUE,TRUE,TRUE,1994,2016,FALSE,FALSE,FALSE
"721","tmsr.rom9416","rom9416","Timisoara","Romania",8401,TRUE,TRUE,TRUE,TRUE,TRUE,TRUE,1994,2016,FALSE,FALSE,FALSE
"733","ctoj.sa9713","sa9713","City of Johannesburg","South Africa",6209,TRUE,TRUE,FALSE,FALSE,FALSE,FALSE,1997,2013,FALSE,TRUE,FALSE
"734","ctot.sa9713","sa9713","City of Tshwane","South Africa",6209,TRUE,FALSE,FALSE,FALSE,FALSE,FALSE,1997,2013,FALSE,TRUE,FALSE
"740","ethk.sa9713","sa9713","eThekwini","South Africa",6209,FALSE,FALSE,FALSE,FALSE,FALSE,FALSE,1997,2013,TRUE,TRUE,FALSE
"742","fzld.sa9713","sa9713","Fezile Dabi","South Africa",6209,TRUE,TRUE,FALSE,FALSE,FALSE,FALSE,1997,2013,FALSE,FALSE,FALSE
"743","grtb.sa9713","sa9713","Gert Sibande","South Africa",6209,TRUE,TRUE,FALSE,FALSE,FALSE,FALSE,1997,2013,FALSE,TRUE,FALSE
"752","nkng.sa9713","sa9713","Nkangala","South Africa",6209,TRUE,TRUE,FALSE,FALSE,FALSE,FALSE,1997,2013,FALSE,TRUE,FALSE
"758","sdbn.sa9713","sa9713","Sedibeng","South Africa",6209,TRUE,TRUE,FALSE,FALSE,FALSE,FALSE,1997,2013,FALSE,TRUE,FALSE
"825","acrn.spa9014","spa9014","A Coruna","Spain",9131,TRUE,TRUE,TRUE,TRUE,TRUE,TRUE,1990,2014,FALSE,TRUE,FALSE
"826","albc.spa9014","spa9014","Albacete","Spain",9131,TRUE,TRUE,TRUE,TRUE,TRUE,TRUE,1990,2014,FALSE,TRUE,FALSE
"827","alcn.spa9014","spa9014","Alicante","Spain",9131,TRUE,FALSE,TRUE,TRUE,TRUE,TRUE,1990,2014,FALSE,TRUE,FALSE
"828","almr.spa9014","spa9014","Almeria","Spain",9131,TRUE,FALSE,TRUE,TRUE,TRUE,TRUE,1990,2014,FALSE,TRUE,FALSE
"829","avil.spa9014","spa9014","Avila","Spain",9131,TRUE,FALSE,TRUE,TRUE,TRUE,TRUE,1990,2014,FALSE,TRUE,FALSE
"830","bdjz.spa9014","spa9014","Badajoz","Spain",9131,TRUE,FALSE,TRUE,TRUE,TRUE,TRUE,1990,2014,FALSE,TRUE,FALSE
"831","bilb.spa9014","spa9014","Bilbao","Spain",9131,TRUE,TRUE,TRUE,TRUE,TRUE,TRUE,1990,2014,FALSE,TRUE,FALSE
"832","brcl.spa9014","spa9014","Barcelona","Spain",9131,TRUE,TRUE,TRUE,TRUE,TRUE,TRUE,1990,2014,FALSE,TRUE,FALSE
"833","brgs.spa9014","spa9014","Burgos","Spain",9131,TRUE,TRUE,TRUE,TRUE,TRUE,TRUE,1990,2014,FALSE,TRUE,FALSE
"834","cadz.spa9014","spa9014","Cadiz","Spain",9131,TRUE,FALSE,TRUE,TRUE,TRUE,TRUE,1990,2014,FALSE,TRUE,FALSE
"835","ccrs.spa9014","spa9014","Caceres","Spain",9131,TRUE,TRUE,TRUE,TRUE,TRUE,TRUE,1990,2014,FALSE,TRUE,FALSE
"836","cddr.spa9014","spa9014","Ciudad Real","Spain",9131,TRUE,FALSE,TRUE,TRUE,TRUE,FALSE,1990,2014,FALSE,TRUE,FALSE
"837","ceut.spa9014","spa9014","Ceuta","Spain",9131,FALSE,FALSE,FALSE,FALSE,FALSE,FALSE,1990,2014,TRUE,TRUE,FALSE
"838","crdb.spa9014","spa9014","Cordoba","Spain",9131,TRUE,FALSE,TRUE,TRUE,TRUE,TRUE,1990,2014,FALSE,TRUE,FALSE
"839","cstl.spa9014","spa9014","Castellon","Spain",9131,TRUE,FALSE,TRUE,TRUE,TRUE,TRUE,1990,2014,FALSE,TRUE,FALSE
"840","cunc.spa9014","spa9014","Cuenca","Spain",9131,TRUE,FALSE,TRUE,TRUE,TRUE,FALSE,1990,2014,FALSE,TRUE,FALSE
"841","gdlj.spa9014","spa9014","Guadalajara","Spain",9131,TRUE,FALSE,TRUE,TRUE,TRUE,TRUE,1990,2014,FALSE,TRUE,FALSE
"842","girn.spa9014","spa9014","Girona","Spain",9131,FALSE,FALSE,FALSE,TRUE,TRUE,TRUE,1990,2014,FALSE,FALSE,FALSE
"843","grnd.spa9014","spa9014","Granada","Spain",9131,TRUE,FALSE,TRUE,TRUE,TRUE,TRUE,1990,2014,FALSE,TRUE,FALSE
"845","husc.spa9014","spa9014","Huesca","Spain",9131,TRUE,TRUE,TRUE,TRUE,TRUE,TRUE,1990,2014,FALSE,TRUE,FALSE
"846","jaen.spa9014","spa9014","Jaen","Spain",9131,TRUE,FALSE,TRUE,TRUE,TRUE,TRUE,1990,2014,FALSE,TRUE,FALSE
"847","leon.spa9014","spa9014","Leon","Spain",9131,TRUE,TRUE,TRUE,TRUE,TRUE,TRUE,1990,2014,FALSE,TRUE,FALSE
"848","lgrn.spa9014","spa9014","Logrono","Spain",9131,TRUE,FALSE,TRUE,TRUE,TRUE,TRUE,1990,2014,FALSE,FALSE,FALSE
"849","lled.spa9014","spa9014","Lleida","Spain",9131,FALSE,FALSE,TRUE,TRUE,TRUE,TRUE,1990,2014,FALSE,TRUE,FALSE
"850","lugo.spa9014","spa9014","Lugo","Spain",9131,TRUE,FALSE,TRUE,TRUE,TRUE,TRUE,1990,2014,FALSE,TRUE,FALSE
"851","malg.spa9014","spa9014","Malaga","Spain",9131,TRUE,FALSE,TRUE,TRUE,TRUE,TRUE,1990,2014,FALSE,TRUE,FALSE
"852","mdrd.spa9014","spa9014","Madrid","Spain",9131,TRUE,TRUE,TRUE,TRUE,TRUE,TRUE,1990,2014,FALSE,TRUE,FALSE
"853","mlll.spa9014","spa9014","Melilla","Spain",9131,FALSE,FALSE,FALSE,FALSE,FALSE,FALSE,1990,2014,TRUE,TRUE,FALSE
"854","murc.spa9014","spa9014","Murcia","Spain",9131,TRUE,FALSE,TRUE,TRUE,TRUE,TRUE,1990,2014,FALSE,TRUE,FALSE
"855","orns.spa9014","spa9014","Ourense","Spain",9131,TRUE,FALSE,TRUE,TRUE,TRUE,TRUE,1990,2014,FALSE,TRUE,FALSE
"856","ovid.spa9014","spa9014","Oviedo","Spain",9131,TRUE,TRUE,TRUE,TRUE,TRUE,TRUE,1990,2014,FALSE,TRUE,FALSE
"857","pgcn.spa9014","spa9014","Palmas G. Canaria","Spain",9131,TRUE,TRUE,TRUE,TRUE,TRUE,TRUE,1990,2014,FALSE,TRUE,FALSE
"858","plmm.spa9014","spa9014","Palma Mallorca","Spain",9131,TRUE,TRUE,TRUE,TRUE,TRUE,TRUE,1990,2014,FALSE,TRUE,FALSE
"859","plnc.spa9014","spa9014","Palencia","Spain",9131,TRUE,FALSE,TRUE,TRUE,TRUE,TRUE,1990,2014,FALSE,TRUE,FALSE
"860","pmpl.spa9014","spa9014","Pamplona","Spain",9131,FALSE,FALSE,FALSE,FALSE,FALSE,FALSE,1990,2014,TRUE,TRUE,FALSE
"861","pntv.spa9014","spa9014","Pontevedra","Spain",9131,TRUE,FALSE,TRUE,TRUE,TRUE,TRUE,1990,2014,FALSE,FALSE,FALSE
"862","segv.spa9014","spa9014","Segovia","Spain",9131,TRUE,FALSE,TRUE,TRUE,TRUE,TRUE,1990,2014,FALSE,TRUE,FALSE
"863","slmn.spa9014","spa9014","Salamanca","Spain",9131,TRUE,TRUE,TRUE,TRUE,TRUE,TRUE,1990,2014,FALSE,TRUE,FALSE
"864","snsb.spa9014","spa9014","San Sebastian","Spain",9131,TRUE,TRUE,TRUE,TRUE,TRUE,TRUE,1990,2014,FALSE,TRUE,FALSE
"865","sntn.spa9014","spa9014","Santander","Spain",9131,TRUE,FALSE,TRUE,TRUE,TRUE,TRUE,1990,2014,FALSE,TRUE,FALSE
"866","sori.spa9014","spa9014","Soria","Spain",9131,TRUE,FALSE,TRUE,TRUE,TRUE,TRUE,1990,2014,FALSE,TRUE,FALSE
"867","svll.spa9014","spa9014","Sevilla","Spain",9131,TRUE,TRUE,TRUE,TRUE,TRUE,TRUE,1990,2014,FALSE,TRUE,FALSE
"868","terl.spa9014","spa9014","Teruel","Spain",9131,TRUE,FALSE,TRUE,TRUE,TRUE,TRUE,1990,2014,FALSE,TRUE,FALSE
"869","tnrf.spa9014","spa9014","Tenerife","Spain",9131,TRUE,TRUE,TRUE,TRUE,TRUE,TRUE,1990,2014,FALSE,TRUE,FALSE
"870","told.spa9014","spa9014","Toledo","Spain",9131,TRUE,TRUE,TRUE,TRUE,TRUE,TRUE,1990,2014,FALSE,TRUE,FALSE
"871","trrg.spa9014","spa9014","Tarragona","Spain",9131,FALSE,FALSE,TRUE,TRUE,TRUE,TRUE,1990,2014,FALSE,TRUE,FALSE
"872","vitr.spa9014","spa9014","Vitoria","Spain",9131,TRUE,TRUE,TRUE,TRUE,TRUE,TRUE,1990,2014,FALSE,TRUE,FALSE
"873","vlld.spa9014","spa9014","Valladolid","Spain",9131,TRUE,TRUE,TRUE,TRUE,TRUE,TRUE,1990,2014,FALSE,TRUE,FALSE
"874","vlnc.spa9014","spa9014","Valencia","Spain",9131,TRUE,TRUE,TRUE,TRUE,TRUE,TRUE,1990,2014,FALSE,TRUE,FALSE
"875","zamr.spa9014","spa9014","Zamora","Spain",9131,TRUE,FALSE,TRUE,TRUE,TRUE,TRUE,1990,2014,FALSE,TRUE,FALSE
"876","zrgz.spa9014","spa9014","Zaragoza","Spain",9131,TRUE,FALSE,TRUE,TRUE,TRUE,TRUE,1990,2014,FALSE,TRUE,FALSE
"878","basl.sui9513","sui9513","Basel","Switzerland",6940,TRUE,TRUE,FALSE,TRUE,TRUE,FALSE,1995,2013,FALSE,TRUE,FALSE
"879","bern.sui9513","sui9513","Bern","Switzerland",6940,TRUE,TRUE,FALSE,TRUE,TRUE,TRUE,1995,2013,FALSE,TRUE,FALSE
"880","genv.sui9513","sui9513","Geneve","Switzerland",6940,TRUE,FALSE,FALSE,TRUE,FALSE,FALSE,1995,2013,FALSE,TRUE,FALSE
"881","lsnn.sui9513","sui9513","Lausanne","Switzerland",6940,TRUE,FALSE,FALSE,TRUE,FALSE,TRUE,1995,2013,FALSE,TRUE,FALSE
"882","lugn.sui9513","sui9513","Lugano","Switzerland",6940,TRUE,TRUE,FALSE,TRUE,TRUE,TRUE,1995,2013,FALSE,TRUE,FALSE
"883","lzrn.sui9513","sui9513","Luzern","Switzerland",6940,TRUE,FALSE,FALSE,TRUE,FALSE,FALSE,1995,2013,FALSE,TRUE,FALSE
"884","stgl.sui9513","sui9513","St. Gallen","Switzerland",6940,TRUE,FALSE,FALSE,TRUE,FALSE,FALSE,1995,2013,FALSE,TRUE,FALSE
"885","zrch.sui9513","sui9513","Zürich","Switzerland",6940,TRUE,TRUE,FALSE,TRUE,TRUE,TRUE,1995,2013,FALSE,TRUE,FALSE
"887","stck.swe9010","swe9010","Stockholm","Sweden",7670,TRUE,TRUE,FALSE,TRUE,FALSE,TRUE,1990,2010,FALSE,TRUE,TRUE
"895","aytt.tha9908","tha9908","Ayutthaya","Thailand",3653,TRUE,FALSE,TRUE,TRUE,TRUE,TRUE,1999,2008,FALSE,FALSE,FALSE
"896","bngk.tha9908","tha9908","Bangkok","Thailand",3653,TRUE,FALSE,TRUE,TRUE,TRUE,TRUE,1999,2008,FALSE,FALSE,FALSE
"898","chch.tha9908","tha9908","Chachoengsao","Thailand",3653,TRUE,FALSE,TRUE,TRUE,TRUE,TRUE,1999,2008,FALSE,FALSE,FALSE
"900","chnb.tha9908","tha9908","Chon Buri","Thailand",3653,TRUE,FALSE,TRUE,TRUE,TRUE,TRUE,1999,2008,FALSE,FALSE,FALSE
"901","chnm.tha9908","tha9908","Chiang Mai","Thailand",3653,TRUE,FALSE,TRUE,TRUE,TRUE,TRUE,1999,2008,FALSE,FALSE,FALSE
"905","khnk.tha9908","tha9908","Khon Kaen","Thailand",3653,TRUE,FALSE,TRUE,TRUE,TRUE,TRUE,1999,2008,FALSE,FALSE,FALSE
"911","lmpn.tha9908","tha9908","Lampang","Thailand",3653,TRUE,FALSE,TRUE,TRUE,TRUE,TRUE,1999,2008,FALSE,FALSE,FALSE
"917","nkhr.tha9908","tha9908","Nakhon Ratchasima","Thailand",3653,TRUE,FALSE,TRUE,TRUE,TRUE,TRUE,1999,2008,FALSE,FALSE,FALSE
"918","nkhs.tha9908","tha9908","Nakhon Sawan","Thailand",3653,TRUE,FALSE,TRUE,TRUE,TRUE,TRUE,1999,2008,FALSE,FALSE,FALSE
"923","nnth.tha9908","tha9908","Nonthaburi","Thailand",3653,TRUE,FALSE,TRUE,TRUE,TRUE,TRUE,1999,2008,FALSE,FALSE,FALSE
"933","ptht.tha9908","tha9908","Pathum Thani","Thailand",3653,TRUE,FALSE,TRUE,TRUE,TRUE,TRUE,1999,2008,FALSE,FALSE,FALSE
"936","rtch.tha9908","tha9908","Ratchaburi","Thailand",3653,TRUE,FALSE,TRUE,TRUE,TRUE,TRUE,1999,2008,FALSE,FALSE,FALSE
"937","ryng.tha9908","tha9908","Rayong","Thailand",3653,TRUE,FALSE,TRUE,TRUE,TRUE,TRUE,1999,2008,FALSE,FALSE,FALSE
"941","smtp.tha9908","tha9908","Samutprakan","Thailand",3653,TRUE,FALSE,TRUE,TRUE,TRUE,TRUE,1999,2008,FALSE,FALSE,FALSE
"942","smts.tha9908","tha9908","Samut Sakhon","Thailand",3653,TRUE,FALSE,TRUE,TRUE,TRUE,TRUE,1999,2008,FALSE,FALSE,FALSE
"943","sngk.tha9908","tha9908","Songkhla","Thailand",3653,TRUE,FALSE,TRUE,TRUE,TRUE,TRUE,1999,2008,FALSE,FALSE,FALSE
"945","srbr.tha9908","tha9908","Saraburi","Thailand",3653,TRUE,FALSE,TRUE,TRUE,TRUE,TRUE,1999,2008,FALSE,FALSE,FALSE
"946","srtt.tha9908","tha9908","Surat Thani","Thailand",3653,TRUE,FALSE,TRUE,TRUE,TRUE,TRUE,1999,2008,FALSE,FALSE,FALSE
"954","yala.tha9908","tha9908","Yala","Thailand",3653,TRUE,FALSE,FALSE,FALSE,FALSE,TRUE,1999,2008,FALSE,FALSE,FALSE
"959","khsn.twn9414","twn9414","Kaohsiung","Taiwan",7670,TRUE,TRUE,TRUE,TRUE,TRUE,TRUE,1994,2014,FALSE,TRUE,FALSE
"960","taip.twn9414","twn9414","Taipei","Taiwan",7670,TRUE,TRUE,TRUE,TRUE,TRUE,TRUE,1994,2014,FALSE,TRUE,FALSE
"961","tchn.twn9414","twn9414","Taichung","Taiwan",7670,TRUE,TRUE,TRUE,TRUE,TRUE,TRUE,1994,2014,FALSE,TRUE,FALSE
"1042","blckp.uk9016Poll","uk9016Poll","Blackpool","UK",9862,TRUE,TRUE,TRUE,TRUE,TRUE,TRUE,1990,2016,FALSE,FALSE,FALSE
"1043","brah.uk9016Poll","uk9016Poll","Brighton and Hove","UK",9862,FALSE,FALSE,TRUE,TRUE,FALSE,FALSE,1990,2016,FALSE,FALSE,FALSE
"1044","brdv.uk9016Poll","uk9016Poll","Barnsley/Dearne Valley","UK",9862,FALSE,FALSE,TRUE,TRUE,TRUE,TRUE,1990,2016,FALSE,FALSE,FALSE
"1045","brkn.uk9016Poll","uk9016Poll","Birkenhead","UK",9862,TRUE,TRUE,TRUE,TRUE,TRUE,TRUE,1990,2016,FALSE,FALSE,FALSE
"1046","brpl.uk9016Poll","uk9016Poll","Bournemouth/Poole","UK",9862,FALSE,FALSE,TRUE,TRUE,TRUE,TRUE,1990,2016,FALSE,FALSE,FALSE
"1047","brst.uk9016Poll","uk9016Poll","Bristol","UK",9862,TRUE,TRUE,TRUE,TRUE,TRUE,TRUE,1990,2016,FALSE,FALSE,FALSE
"1048","chst.uk9016Poll","uk9016Poll","Chesterfield","UK",9862,TRUE,TRUE,FALSE,TRUE,FALSE,FALSE,1990,2016,FALSE,FALSE,FALSE
"1049","crdf.uk9016Poll","uk9016Poll","Cardiff","UK",9862,TRUE,TRUE,TRUE,TRUE,TRUE,TRUE,1990,2016,FALSE,FALSE,FALSE
"1050","crwl.uk9016Poll","uk9016Poll","Crawley","UK",9862,TRUE,FALSE,TRUE,TRUE,FALSE,FALSE,1990,2016,FALSE,FALSE,FALSE
"1051","cvnt.uk9016Poll","uk9016Poll","Coventry","UK",9862,TRUE,TRUE,TRUE,TRUE,TRUE,TRUE,1990,2016,FALSE,FALSE,FALSE
"1052","estb.uk9016Poll","uk9016Poll","Eastbourne","UK",9862,TRUE,TRUE,TRUE,TRUE,FALSE,FALSE,1990,2016,FALSE,FALSE,FALSE
"1053","knuh.uk9016Poll","uk9016Poll","Kingston upon Hull","UK",9862,TRUE,TRUE,TRUE,TRUE,TRUE,TRUE,1990,2016,FALSE,FALSE,FALSE
"1054","lcst.uk9016Poll","uk9016Poll","Leicester","UK",9862,TRUE,TRUE,TRUE,TRUE,TRUE,TRUE,1990,2016,FALSE,FALSE,FALSE
"1055","lndn.uk9016Poll","uk9016Poll","London","UK",9862,TRUE,TRUE,TRUE,TRUE,TRUE,TRUE,1990,2016,FALSE,FALSE,FALSE
"1056","lvrp.uk9016Poll","uk9016Poll","Liverpool","UK",9862,TRUE,TRUE,TRUE,TRUE,TRUE,TRUE,1990,2016,FALSE,FALSE,FALSE
"1057","mdwt.uk9016Poll","uk9016Poll","Medway Towns","UK",9862,TRUE,FALSE,TRUE,TRUE,TRUE,TRUE,1990,2016,FALSE,FALSE,FALSE
"1058","mnch.uk9016Poll","uk9016Poll","Manchester","UK",9862,TRUE,TRUE,TRUE,TRUE,TRUE,TRUE,1990,2016,FALSE,FALSE,FALSE
"1059","nrth.uk9016Poll","uk9016Poll","Northampton","UK",9862,TRUE,FALSE,TRUE,TRUE,TRUE,TRUE,1990,2016,FALSE,FALSE,FALSE
"1060","nrwc.uk9016Poll","uk9016Poll","Norwich","UK",9862,TRUE,TRUE,TRUE,TRUE,TRUE,TRUE,1990,2016,FALSE,FALSE,FALSE
"1061","nttn.uk9016Poll","uk9016Poll","Nottingham","UK",9862,TRUE,TRUE,TRUE,TRUE,TRUE,TRUE,1990,2016,FALSE,FALSE,FALSE
"1062","nwpr.uk9016Poll","uk9016Poll","Newport","UK",9862,TRUE,TRUE,TRUE,TRUE,TRUE,TRUE,1990,2016,FALSE,FALSE,FALSE
"1063","oxfr.uk9016Poll","uk9016Poll","Oxford","UK",9862,FALSE,FALSE,FALSE,TRUE,FALSE,FALSE,1990,2016,FALSE,FALSE,FALSE
"1064","plym.uk9016Poll","uk9016Poll","Plymouth","UK",9862,TRUE,TRUE,TRUE,TRUE,TRUE,TRUE,1990,2016,FALSE,FALSE,FALSE
"1065","prst.uk9016Poll","uk9016Poll","Preston","UK",9862,TRUE,TRUE,TRUE,TRUE,TRUE,TRUE,1990,2016,FALSE,FALSE,FALSE
"1066","rdng.uk9016Poll","uk9016Poll","Reading","UK",9862,TRUE,TRUE,TRUE,TRUE,TRUE,TRUE,1990,2016,FALSE,FALSE,FALSE
"1067","shff.uk9016Poll","uk9016Poll","Sheffield","UK",9862,TRUE,TRUE,TRUE,TRUE,TRUE,TRUE,1990,2016,FALSE,FALSE,FALSE
"1068","sndr.uk9016Poll","uk9016Poll","Sunderland","UK",9862,FALSE,TRUE,TRUE,TRUE,TRUE,FALSE,1990,2016,FALSE,FALSE,FALSE
"1069","sthh.uk9016Poll","uk9016Poll","South Hampshire","UK",9862,TRUE,TRUE,TRUE,TRUE,TRUE,TRUE,1990,2016,FALSE,FALSE,FALSE
"1070","stse.uk9016Poll","uk9016Poll","Southend-on-Sea","UK",9862,TRUE,TRUE,TRUE,TRUE,TRUE,TRUE,1990,2016,FALSE,FALSE,FALSE
"1071","sttr.uk9016Poll","uk9016Poll","Stoke-on-Trent","UK",9862,TRUE,TRUE,TRUE,TRUE,TRUE,TRUE,1990,2016,FALSE,FALSE,FALSE
"1072","swns.uk9016Poll","uk9016Poll","Swansea","UK",9862,TRUE,TRUE,TRUE,TRUE,TRUE,TRUE,1990,2016,FALSE,FALSE,FALSE
"1073","thnt.uk9016Poll","uk9016Poll","Thanet","UK",9862,FALSE,FALSE,FALSE,TRUE,FALSE,FALSE,1990,2016,FALSE,FALSE,FALSE
"1074","tssd.uk9016Poll","uk9016Poll","Teesside","UK",9862,TRUE,TRUE,TRUE,TRUE,TRUE,TRUE,1990,2016,FALSE,FALSE,FALSE
"1075","tyns.uk9016Poll","uk9016Poll","Tyneside","UK",9862,TRUE,TRUE,TRUE,TRUE,TRUE,TRUE,1990,2016,FALSE,FALSE,FALSE
"1076","wign.uk9016Poll","uk9016Poll","Wigan","UK",9862,TRUE,TRUE,TRUE,TRUE,TRUE,TRUE,1990,2016,FALSE,FALSE,FALSE
"1077","wrrn.uk9016Poll","uk9016Poll","Warrington","UK",9862,TRUE,TRUE,FALSE,TRUE,FALSE,FALSE,1990,2016,FALSE,FALSE,FALSE
"1078","wstm.uk9016Poll","uk9016Poll","West Midlands","UK",9862,TRUE,TRUE,TRUE,TRUE,TRUE,TRUE,1990,2016,FALSE,FALSE,FALSE
"1079","wsty.uk9016Poll","uk9016Poll","West Yorkshire","UK",9862,TRUE,TRUE,TRUE,TRUE,TRUE,TRUE,1990,2016,FALSE,FALSE,FALSE
"1080","york.uk9016Poll","uk9016Poll","York","UK",9862,TRUE,TRUE,FALSE,TRUE,FALSE,FALSE,1990,2016,FALSE,FALSE,FALSE
"1219","agst.usa7306","usa7306","augusta (GA)","USA",12418,TRUE,TRUE,TRUE,FALSE,TRUE,FALSE,1973,2006,FALSE,TRUE,FALSE
"1220","akrn.usa7306","usa7306","akron (OH)","USA",12418,TRUE,TRUE,TRUE,FALSE,TRUE,TRUE,1973,2006,FALSE,TRUE,FALSE
"1221","albn.usa7306","usa7306","albany (NY)","USA",12418,TRUE,TRUE,TRUE,TRUE,TRUE,TRUE,1973,2006,FALSE,TRUE,FALSE
"1222","albq.usa7306","usa7306","albuquerque (NM)","USA",12418,TRUE,TRUE,TRUE,TRUE,FALSE,TRUE,1973,2006,FALSE,TRUE,FALSE
"1223","alln.usa7306","usa7306","allentown (PA)","USA",12418,TRUE,TRUE,TRUE,TRUE,TRUE,TRUE,1973,2006,FALSE,TRUE,FALSE
"1224","anch.usa7306","usa7306","anchorage (AK)","USA",12418,TRUE,TRUE,TRUE,FALSE,FALSE,TRUE,1973,2006,FALSE,TRUE,FALSE
"1225","anhm.usa7306","usa7306","anaheim (CA)","USA",12418,TRUE,TRUE,TRUE,TRUE,TRUE,TRUE,1973,2006,FALSE,TRUE,FALSE
"1226","anna.usa7306","usa7306","ann arbor (MI)","USA",12418,TRUE,TRUE,TRUE,FALSE,FALSE,FALSE,1973,2006,FALSE,TRUE,FALSE
"1227","annn.usa7306","usa7306","annandale (VA)","USA",12418,TRUE,TRUE,TRUE,TRUE,TRUE,TRUE,1973,2006,FALSE,TRUE,FALSE
"1228","astn.usa7306","usa7306","austin (TX)","USA",12418,TRUE,TRUE,TRUE,TRUE,TRUE,TRUE,1973,2006,FALSE,TRUE,FALSE
"1229","atlc.usa7306","usa7306","atlantic city (NJ)","USA",12418,TRUE,TRUE,TRUE,FALSE,TRUE,TRUE,1973,2006,FALSE,TRUE,FALSE
"1230","atln.usa7306","usa7306","atlanta (GA)","USA",12418,TRUE,TRUE,TRUE,TRUE,TRUE,TRUE,1973,2006,FALSE,TRUE,FALSE
"1231","atzc.usa7306","usa7306","aztec (NM)","USA",12418,TRUE,TRUE,TRUE,TRUE,TRUE,TRUE,1973,2006,FALSE,TRUE,FALSE
"1232","bath.usa7306","usa7306","bath (NY)","USA",12418,TRUE,TRUE,TRUE,FALSE,FALSE,FALSE,1973,2006,FALSE,TRUE,FALSE
"1233","bffl.usa7306","usa7306","buffalo (NY)","USA",12418,TRUE,TRUE,TRUE,TRUE,TRUE,TRUE,1973,2006,FALSE,TRUE,FALSE
"1234","bkrs.usa7306","usa7306","bakersfield (CA)","USA",12418,TRUE,TRUE,TRUE,TRUE,TRUE,TRUE,1973,2006,FALSE,TRUE,FALSE
"1235","bldr.usa7306","usa7306","boulder (CO)","USA",12418,TRUE,TRUE,TRUE,FALSE,FALSE,TRUE,1973,2006,FALSE,TRUE,FALSE
"1236","bltm.usa7306","usa7306","baltimore (MD)","USA",12418,TRUE,TRUE,TRUE,TRUE,TRUE,TRUE,1973,2006,FALSE,TRUE,FALSE
"1237","bngr.usa7306","usa7306","bangor (ME)","USA",12418,TRUE,TRUE,TRUE,FALSE,TRUE,FALSE,1973,2006,FALSE,TRUE,FALSE
"1238","bois.usa7306","usa7306","boise city (ID)","USA",12418,TRUE,TRUE,TRUE,TRUE,FALSE,TRUE,1973,2006,FALSE,TRUE,FALSE
"1239","brgn.usa7306","usa7306","paterson (NJ)","USA",12418,TRUE,TRUE,TRUE,TRUE,TRUE,TRUE,1973,2006,FALSE,TRUE,FALSE
"1240","brln.usa7306","usa7306","burlington (VT)","USA",12418,TRUE,TRUE,TRUE,TRUE,TRUE,TRUE,1973,2006,FALSE,TRUE,FALSE
"1241","brmn.usa7306","usa7306","birmingham (AL)","USA",12418,TRUE,TRUE,TRUE,TRUE,TRUE,TRUE,1973,2006,FALSE,TRUE,FALSE
"1242","brns.usa7306","usa7306","barnstable (MA)","USA",12418,FALSE,FALSE,TRUE,TRUE,FALSE,FALSE,1973,2006,FALSE,TRUE,FALSE
"1243","brwn.usa7306","usa7306","brownsville (TX)","USA",12418,TRUE,TRUE,TRUE,FALSE,TRUE,TRUE,1973,2006,FALSE,TRUE,FALSE
"1244","bstn.usa7306","usa7306","boston (MA)","USA",12418,TRUE,TRUE,TRUE,TRUE,TRUE,TRUE,1973,2006,FALSE,TRUE,FALSE
"1245","btnr.usa7306","usa7306","baton rouge (LA)","USA",12418,TRUE,TRUE,TRUE,TRUE,TRUE,TRUE,1973,2006,FALSE,TRUE,FALSE
"1246","cdrr.usa7306","usa7306","cedar rapids (IA)","USA",12418,TRUE,TRUE,TRUE,TRUE,TRUE,TRUE,1973,2006,FALSE,TRUE,FALSE
"1247","chcg.usa7306","usa7306","chicago (IL)","USA",12418,TRUE,TRUE,TRUE,TRUE,TRUE,TRUE,1973,2006,FALSE,TRUE,FALSE
"1248","chrl.usa7306","usa7306","charlotte (NC)","USA",12418,TRUE,TRUE,TRUE,TRUE,TRUE,TRUE,1973,2006,FALSE,TRUE,FALSE
"1249","chsc.usa7306","usa7306","charleston (SC)","USA",12418,TRUE,TRUE,TRUE,TRUE,TRUE,TRUE,1973,2006,FALSE,TRUE,FALSE
"1250","chtt.usa7306","usa7306","chattanooga (TN)","USA",12418,TRUE,TRUE,TRUE,FALSE,FALSE,FALSE,1973,2006,FALSE,TRUE,FALSE
"1251","chwv.usa7306","usa7306","charleston (WV)","USA",12418,TRUE,TRUE,TRUE,TRUE,TRUE,TRUE,1973,2006,FALSE,TRUE,FALSE
"1252","clmb.usa7306","usa7306","columbus (OH)","USA",12418,TRUE,TRUE,TRUE,TRUE,TRUE,TRUE,1973,2006,FALSE,TRUE,FALSE
"1253","clrs.usa7306","usa7306","colorado springs (CO)","USA",12418,TRUE,TRUE,TRUE,TRUE,TRUE,TRUE,1973,2006,FALSE,TRUE,FALSE
"1254","clvl.usa7306","usa7306","cleveland (OH)","USA",12418,TRUE,TRUE,TRUE,TRUE,TRUE,TRUE,1973,2006,FALSE,TRUE,FALSE
"1255","cncn.usa7306","usa7306","cincinnati (OH)","USA",12418,TRUE,TRUE,TRUE,TRUE,TRUE,TRUE,1973,2006,FALSE,TRUE,FALSE
"1256","cntn.usa7306","usa7306","canton (OH)","USA",12418,TRUE,TRUE,TRUE,TRUE,TRUE,TRUE,1973,2006,FALSE,TRUE,FALSE
"1257","colm.usa7306","usa7306","columbia (SC)","USA",12418,TRUE,TRUE,TRUE,TRUE,TRUE,TRUE,1973,2006,FALSE,TRUE,FALSE
"1258","crls.usa7306","usa7306","carlisle (PA)","USA",12418,FALSE,TRUE,FALSE,FALSE,FALSE,FALSE,1973,2006,FALSE,FALSE,FALSE
"1259","crpc.usa7306","usa7306","corpus christi (TX)","USA",12418,TRUE,TRUE,TRUE,FALSE,TRUE,FALSE,1973,2006,FALSE,TRUE,FALSE
"1260","davs.usa7306","usa7306","layton (UT)","USA",12418,TRUE,TRUE,TRUE,TRUE,TRUE,TRUE,1973,2006,FALSE,TRUE,FALSE
"1261","dlls.usa7306","usa7306","dallas (TX)","USA",12418,TRUE,TRUE,TRUE,TRUE,TRUE,TRUE,1973,2006,FALSE,TRUE,FALSE
"1262","dnvr.usa7306","usa7306","denver (CO)","USA",12418,TRUE,TRUE,TRUE,TRUE,TRUE,TRUE,1973,2006,FALSE,TRUE,FALSE
"1263","dodg.usa7306","usa7306","beaver dam (WI)","USA",12418,TRUE,TRUE,TRUE,FALSE,FALSE,FALSE,1973,2006,FALSE,TRUE,FALSE
"1264","dovr.usa7306","usa7306","dover (DE)","USA",12418,TRUE,TRUE,TRUE,FALSE,TRUE,FALSE,1973,2006,FALSE,TRUE,FALSE
"1265","drhm.usa7306","usa7306","durham (NC)","USA",12418,TRUE,TRUE,TRUE,TRUE,FALSE,TRUE,1973,2006,FALSE,TRUE,FALSE
"1266","dsmn.usa7306","usa7306","des moines (IA)","USA",12418,TRUE,TRUE,TRUE,TRUE,FALSE,TRUE,1973,2006,FALSE,TRUE,FALSE
"1267","dtrt.usa7306","usa7306","detroit (MI)","USA",12418,TRUE,TRUE,TRUE,TRUE,TRUE,TRUE,1973,2006,FALSE,TRUE,FALSE
"1268","dvnp.usa7306","usa7306","davenport (IA)","USA",12418,TRUE,TRUE,TRUE,TRUE,TRUE,TRUE,1973,2006,FALSE,TRUE,FALSE
"1269","dytb.usa7306","usa7306","daytona beach (FL)","USA",12418,TRUE,TRUE,TRUE,FALSE,FALSE,FALSE,1973,2006,FALSE,TRUE,FALSE
"1270","dytn.usa7306","usa7306","dayton (OH)","USA",12418,TRUE,TRUE,TRUE,FALSE,TRUE,TRUE,1973,2006,FALSE,TRUE,FALSE
"1271","elcn.usa7306","usa7306","el centro (CA)","USA",12418,TRUE,TRUE,TRUE,TRUE,TRUE,TRUE,1973,2006,FALSE,TRUE,FALSE
"1272","elkh.usa7306","usa7306","elkhart (IN)","USA",12418,FALSE,TRUE,TRUE,FALSE,FALSE,FALSE,1973,2006,FALSE,TRUE,FALSE
"1273","elps.usa7306","usa7306","el paso (TX)","USA",12418,TRUE,TRUE,TRUE,TRUE,TRUE,TRUE,1973,2006,FALSE,TRUE,FALSE
"1274","elzb.usa7306","usa7306","elizabeth (NJ)","USA",12418,TRUE,TRUE,TRUE,TRUE,TRUE,TRUE,1973,2006,FALSE,TRUE,FALSE
"1275","erie.usa7306","usa7306","erie (PA)","USA",12418,TRUE,TRUE,TRUE,TRUE,TRUE,TRUE,1973,2006,FALSE,TRUE,FALSE
"1276","essx.usa7306","usa7306","essex (MA)","USA",12418,TRUE,TRUE,TRUE,TRUE,TRUE,FALSE,1973,2006,FALSE,TRUE,FALSE
"1277","eugn.usa7306","usa7306","eugene (OR)","USA",12418,TRUE,TRUE,TRUE,FALSE,FALSE,TRUE,1973,2006,FALSE,TRUE,FALSE
"1278","evns.usa7306","usa7306","evansville (IN)","USA",12418,TRUE,TRUE,TRUE,TRUE,TRUE,TRUE,1973,2006,FALSE,TRUE,FALSE
"1279","evrt.usa7306","usa7306","everett (WA)","USA",12418,TRUE,TRUE,TRUE,FALSE,TRUE,TRUE,1973,2006,FALSE,TRUE,FALSE
"1280","farg.usa7306","usa7306","fargo (ND)","USA",12418,TRUE,TRUE,TRUE,TRUE,TRUE,TRUE,1973,2006,FALSE,TRUE,FALSE
"1281","flnt.usa7306","usa7306","flint (MI)","USA",12418,TRUE,TRUE,TRUE,FALSE,TRUE,TRUE,1973,2006,FALSE,TRUE,FALSE
"1282","frsn.usa7306","usa7306","fresno (CA)","USA",12418,TRUE,TRUE,TRUE,TRUE,TRUE,TRUE,1973,2006,FALSE,TRUE,FALSE
"1283","ftld.usa7306","usa7306","fort lauderdale (FL)","USA",12418,TRUE,TRUE,TRUE,TRUE,TRUE,TRUE,1973,2006,FALSE,TRUE,FALSE
"1284","ftmy.usa7306","usa7306","fort myers (FL)","USA",12418,TRUE,TRUE,TRUE,FALSE,FALSE,FALSE,1973,2006,FALSE,TRUE,FALSE
"1285","ftpr.usa7306","usa7306","fort pierce (FL)","USA",12418,TRUE,TRUE,TRUE,TRUE,FALSE,FALSE,1973,2006,FALSE,TRUE,FALSE
"1286","ftwr.usa7306","usa7306","fort worth (TX)","USA",12418,TRUE,TRUE,TRUE,TRUE,TRUE,TRUE,1973,2006,FALSE,TRUE,FALSE
"1287","ftwy.usa7306","usa7306","fort wayne (IN)","USA",12418,TRUE,TRUE,TRUE,TRUE,TRUE,TRUE,1973,2006,FALSE,TRUE,FALSE
"1288","fytv.usa7306","usa7306","fayetteville (NC)","USA",12418,TRUE,TRUE,TRUE,FALSE,TRUE,TRUE,1973,2006,FALSE,TRUE,FALSE
"1289","gary.usa7306","usa7306","gary (IN)","USA",12418,TRUE,TRUE,TRUE,TRUE,TRUE,TRUE,1973,2006,FALSE,TRUE,FALSE
"1290","grnb.usa7306","usa7306","green bay (WI)","USA",12418,TRUE,TRUE,TRUE,FALSE,TRUE,FALSE,1973,2006,FALSE,TRUE,FALSE
"1291","grng.usa7306","usa7306","greensburg (PA)","USA",12418,TRUE,TRUE,TRUE,TRUE,TRUE,TRUE,1973,2006,FALSE,TRUE,FALSE
"1292","grnh.usa7306","usa7306","grand haven (MI)","USA",12418,TRUE,TRUE,TRUE,TRUE,FALSE,FALSE,1973,2006,FALSE,TRUE,FALSE
"1293","grnj.usa7306","usa7306","grand junction (CO)","USA",12418,TRUE,TRUE,TRUE,FALSE,TRUE,TRUE,1973,2006,FALSE,TRUE,FALSE
"1294","grnr.usa7306","usa7306","grand rapids (MI)","USA",12418,TRUE,TRUE,TRUE,TRUE,TRUE,TRUE,1973,2006,FALSE,TRUE,FALSE
"1295","grns.usa7306","usa7306","greensboro (NC)","USA",12418,TRUE,TRUE,TRUE,FALSE,TRUE,TRUE,1973,2006,FALSE,TRUE,FALSE
"1296","grnv.usa7306","usa7306","greenville (SC)","USA",12418,TRUE,TRUE,TRUE,TRUE,TRUE,TRUE,1973,2006,FALSE,TRUE,FALSE
"1297","gsns.usa7306","usa7306","gainesville (FL)","USA",12418,TRUE,TRUE,TRUE,FALSE,FALSE,FALSE,1973,2006,FALSE,TRUE,FALSE
"1298","gtty.usa7306","usa7306","gettysburg (PA)","USA",12418,FALSE,TRUE,TRUE,TRUE,FALSE,TRUE,1973,2006,FALSE,TRUE,FALSE
"1299","hcry.usa7306","usa7306","hickory (NC)","USA",12418,TRUE,TRUE,FALSE,FALSE,FALSE,FALSE,1973,2006,FALSE,FALSE,FALSE
"1300","hlln.usa7306","usa7306","holland (MI)","USA",12418,TRUE,TRUE,TRUE,TRUE,FALSE,FALSE,1973,2006,FALSE,TRUE,FALSE
"1301","hnll.usa7306","usa7306","honolulu (HI)","USA",12418,TRUE,TRUE,TRUE,TRUE,TRUE,TRUE,1973,2006,FALSE,TRUE,FALSE
"1302","hrrs.usa7306","usa7306","harrisburg (PA)","USA",12418,TRUE,TRUE,TRUE,TRUE,TRUE,TRUE,1973,2006,FALSE,TRUE,FALSE
"1303","hrtf.usa7306","usa7306","hartford (CT)","USA",12418,TRUE,TRUE,TRUE,TRUE,TRUE,TRUE,1973,2006,FALSE,TRUE,FALSE
"1304","hstn.usa7306","usa7306","houston (TX)","USA",12418,TRUE,TRUE,TRUE,TRUE,TRUE,TRUE,1973,2006,FALSE,TRUE,FALSE
"1305","indn.usa7306","usa7306","indianapolis (IN)","USA",12418,TRUE,TRUE,TRUE,TRUE,TRUE,TRUE,1973,2006,FALSE,TRUE,FALSE
"1306","iwct.usa7306","usa7306","iowa city (IA)","USA",12418,FALSE,TRUE,TRUE,FALSE,FALSE,FALSE,1973,2006,FALSE,TRUE,FALSE
"1307","jcks.usa7306","usa7306","jacksonville (FL)","USA",12418,TRUE,TRUE,TRUE,TRUE,TRUE,TRUE,1973,2006,FALSE,TRUE,FALSE
"1308","jrsc.usa7306","usa7306","jersey city (NJ)","USA",12418,TRUE,TRUE,TRUE,TRUE,TRUE,TRUE,1973,2006,FALSE,TRUE,FALSE
"1309","klmt.usa7306","usa7306","klamath falls (OR)","USA",12418,TRUE,TRUE,FALSE,FALSE,FALSE,TRUE,1973,2006,FALSE,FALSE,FALSE
"1310","klmz.usa7306","usa7306","kalamazoo (MI)","USA",12418,TRUE,TRUE,TRUE,TRUE,TRUE,TRUE,1973,2006,FALSE,TRUE,FALSE
"1311","knsh.usa7306","usa7306","kenosha (WI)","USA",12418,FALSE,TRUE,TRUE,TRUE,TRUE,TRUE,1973,2006,FALSE,TRUE,FALSE
"1312","knss.usa7306","usa7306","kansas city (KS)","USA",12418,TRUE,TRUE,TRUE,TRUE,TRUE,TRUE,1973,2006,FALSE,TRUE,FALSE
"1313","knxv.usa7306","usa7306","knoxville (TN)","USA",12418,TRUE,TRUE,TRUE,TRUE,TRUE,TRUE,1973,2006,FALSE,TRUE,FALSE
"1314","lfin.usa7306","usa7306","lafayette (IN)","USA",12418,TRUE,TRUE,TRUE,TRUE,TRUE,TRUE,1973,2006,FALSE,TRUE,FALSE
"1315","lfla.usa7306","usa7306","lafayette (LA)","USA",12418,TRUE,TRUE,TRUE,FALSE,FALSE,FALSE,1973,2006,FALSE,TRUE,FALSE
"1316","lkch.usa7306","usa7306","lake charles (LA)","USA",12418,TRUE,TRUE,TRUE,TRUE,TRUE,FALSE,1973,2006,FALSE,TRUE,FALSE
"1317","lkln.usa7306","usa7306","lakeland (FL)","USA",12418,TRUE,TRUE,TRUE,FALSE,TRUE,FALSE,1973,2006,FALSE,TRUE,FALSE
"1318","lncs.usa7306","usa7306","lancaster (PA)","USA",12418,TRUE,TRUE,TRUE,TRUE,TRUE,TRUE,1973,2006,FALSE,TRUE,FALSE
"1319","lnsn.usa7306","usa7306","lansing (MI)","USA",12418,TRUE,TRUE,TRUE,TRUE,TRUE,FALSE,1973,2006,FALSE,TRUE,FALSE
"1320","logn.usa7306","usa7306","logan (UT)","USA",12418,TRUE,TRUE,TRUE,TRUE,TRUE,TRUE,1973,2006,FALSE,TRUE,FALSE
"1321","losv.usa7306","usa7306","louisville (KY)","USA",12418,TRUE,TRUE,TRUE,TRUE,TRUE,TRUE,1973,2006,FALSE,TRUE,FALSE
"1322","lprt.usa7306","usa7306","la porte (IN)","USA",12418,TRUE,TRUE,TRUE,FALSE,TRUE,FALSE,1973,2006,FALSE,TRUE,FALSE
"1323","lsan.usa7306","usa7306","los angeles (CA)","USA",12418,TRUE,TRUE,TRUE,TRUE,TRUE,TRUE,1973,2006,FALSE,TRUE,FALSE
"1324","lsvg.usa7306","usa7306","las vegas (NV)","USA",12418,TRUE,TRUE,TRUE,TRUE,TRUE,TRUE,1973,2006,FALSE,TRUE,FALSE
"1325","lttr.usa7306","usa7306","little rock (AR)","USA",12418,TRUE,TRUE,TRUE,TRUE,TRUE,TRUE,1973,2006,FALSE,TRUE,FALSE
"1326","macn.usa7306","usa7306","macon (GA)","USA",12418,TRUE,TRUE,TRUE,FALSE,TRUE,FALSE,1973,2006,FALSE,TRUE,FALSE
"1327","mcll.usa7306","usa7306","mcallen (TX)","USA",12418,TRUE,TRUE,TRUE,FALSE,FALSE,FALSE,1973,2006,FALSE,TRUE,FALSE
"1328","mddl.usa7306","usa7306","middlesex (NJ)","USA",12418,TRUE,TRUE,TRUE,TRUE,TRUE,TRUE,1973,2006,FALSE,TRUE,FALSE
"1329","mddt.usa7306","usa7306","middletown (OH)","USA",12418,TRUE,TRUE,TRUE,FALSE,TRUE,TRUE,1973,2006,FALSE,TRUE,FALSE
"1330","mdfr.usa7306","usa7306","medford (OR)","USA",12418,TRUE,TRUE,TRUE,FALSE,FALSE,TRUE,1973,2006,FALSE,TRUE,FALSE
"1331","mdil.usa7306","usa7306","madison (IL)","USA",12418,TRUE,TRUE,TRUE,FALSE,TRUE,TRUE,1973,2006,FALSE,TRUE,FALSE
"1332","mdst.usa7306","usa7306","modesto (CA)","USA",12418,TRUE,TRUE,TRUE,TRUE,TRUE,TRUE,1973,2006,FALSE,TRUE,FALSE
"1333","mdwi.usa7306","usa7306","madison (WI)","USA",12418,TRUE,TRUE,TRUE,FALSE,TRUE,TRUE,1973,2006,FALSE,TRUE,FALSE
"1334","miam.usa7306","usa7306","miami (FL)","USA",12418,TRUE,TRUE,TRUE,TRUE,TRUE,TRUE,1973,2006,FALSE,TRUE,FALSE
"1335","mlbr.usa7306","usa7306","melbourne (FL)","USA",12418,TRUE,TRUE,TRUE,FALSE,TRUE,FALSE,1973,2006,FALSE,TRUE,FALSE
"1336","mlwk.usa7306","usa7306","milwaukee (WI)","USA",12418,TRUE,TRUE,TRUE,TRUE,TRUE,TRUE,1973,2006,FALSE,TRUE,FALSE
"1337","mmph.usa7306","usa7306","memphis (TN)","USA",12418,TRUE,TRUE,TRUE,TRUE,TRUE,TRUE,1973,2006,FALSE,TRUE,FALSE
"1338","mnmt.usa7306","usa7306","toms river (NJ)","USA",12418,FALSE,TRUE,TRUE,FALSE,FALSE,TRUE,1973,2006,FALSE,TRUE,FALSE
"1339","mnnp.usa7306","usa7306","minneapolis (MN)","USA",12418,TRUE,TRUE,TRUE,TRUE,TRUE,TRUE,1973,2006,FALSE,TRUE,FALSE
"1340","mntg.usa7306","usa7306","montgomery (AL)","USA",12418,TRUE,TRUE,TRUE,TRUE,TRUE,TRUE,1973,2006,FALSE,TRUE,FALSE
"1341","mobl.usa7306","usa7306","mobile (AL)","USA",12418,TRUE,TRUE,TRUE,FALSE,TRUE,TRUE,1973,2006,FALSE,TRUE,FALSE
"1342","monr.usa7306","usa7306","monroe (LA)","USA",12418,TRUE,TRUE,TRUE,TRUE,TRUE,FALSE,1973,2006,FALSE,TRUE,FALSE
"1343","mrcr.usa7306","usa7306","mercer (PA)","USA",12418,TRUE,TRUE,TRUE,FALSE,TRUE,FALSE,1973,2006,FALSE,TRUE,FALSE
"1344","mrlb.usa7306","usa7306","upper marlboro (MD)","USA",12418,TRUE,TRUE,TRUE,TRUE,TRUE,TRUE,1973,2006,FALSE,TRUE,FALSE
"1345","mskg.usa7306","usa7306","muskegon (MI)","USA",12418,TRUE,TRUE,TRUE,FALSE,TRUE,FALSE,1973,2006,FALSE,TRUE,FALSE
"1346","munc.usa7306","usa7306","muncie (IN)","USA",12418,TRUE,TRUE,TRUE,FALSE,FALSE,FALSE,1973,2006,FALSE,TRUE,FALSE
"1347","myrb.usa7306","usa7306","myrtle beach (SC)","USA",12418,FALSE,TRUE,FALSE,FALSE,FALSE,FALSE,1973,2006,FALSE,FALSE,FALSE
"1348","namp.usa7306","usa7306","nampa (ID)","USA",12418,TRUE,TRUE,TRUE,FALSE,FALSE,TRUE,1973,2006,FALSE,TRUE,FALSE
"1349","nash.usa7306","usa7306","nashua (NH)","USA",12418,TRUE,TRUE,TRUE,TRUE,TRUE,TRUE,1973,2006,FALSE,TRUE,FALSE
"1350","nass.usa7306","usa7306","melville (NY)","USA",12418,TRUE,TRUE,TRUE,TRUE,TRUE,TRUE,1973,2006,FALSE,TRUE,FALSE
"1351","nils.usa7306","usa7306","niles (MI)","USA",12418,FALSE,TRUE,TRUE,TRUE,FALSE,FALSE,1973,2006,FALSE,TRUE,FALSE
"1352","nrfl.usa7306","usa7306","norfolk (VA)","USA",12418,TRUE,TRUE,TRUE,TRUE,TRUE,TRUE,1973,2006,FALSE,TRUE,FALSE
"1353","nshv.usa7306","usa7306","nashville (TN)","USA",12418,TRUE,TRUE,TRUE,TRUE,TRUE,TRUE,1973,2006,FALSE,TRUE,FALSE
"1354","nwbr.usa7306","usa7306","newburgh (NY)","USA",12418,TRUE,TRUE,TRUE,FALSE,FALSE,FALSE,1973,2006,FALSE,TRUE,FALSE
"1355","nwhv.usa7306","usa7306","new haven (CT)","USA",12418,TRUE,TRUE,TRUE,TRUE,TRUE,TRUE,1973,2006,FALSE,TRUE,FALSE
"1356","nwln.usa7306","usa7306","new london (CT)","USA",12418,TRUE,TRUE,TRUE,FALSE,TRUE,FALSE,1973,2006,FALSE,TRUE,FALSE
"1357","nwor.usa7306","usa7306","new orleans (LA)","USA",12418,TRUE,TRUE,TRUE,TRUE,TRUE,TRUE,1973,2006,FALSE,TRUE,FALSE
"1358","nwrk.usa7306","usa7306","newark (NJ)","USA",12418,TRUE,TRUE,TRUE,TRUE,TRUE,TRUE,1973,2006,FALSE,TRUE,FALSE
"1359","nwyr.usa7306","usa7306","new york (NY)","USA",12418,TRUE,TRUE,TRUE,TRUE,TRUE,TRUE,1973,2006,FALSE,TRUE,FALSE
"1360","ocal.usa7306","usa7306","ocala (FL)","USA",12418,FALSE,TRUE,TRUE,FALSE,FALSE,FALSE,1973,2006,FALSE,TRUE,FALSE
"1361","oklh.usa7306","usa7306","oklahoma city (OK)","USA",12418,TRUE,TRUE,TRUE,TRUE,TRUE,TRUE,1973,2006,FALSE,TRUE,FALSE
"1362","okln.usa7306","usa7306","oakland (CA)","USA",12418,TRUE,TRUE,TRUE,TRUE,TRUE,TRUE,1973,2006,FALSE,TRUE,FALSE
"1363","omah.usa7306","usa7306","omaha (NE)","USA",12418,TRUE,TRUE,TRUE,FALSE,TRUE,TRUE,1973,2006,FALSE,TRUE,FALSE
"1364","orln.usa7306","usa7306","orlando (FL)","USA",12418,TRUE,TRUE,TRUE,TRUE,TRUE,TRUE,1973,2006,FALSE,TRUE,FALSE
"1365","ottw.usa7306","usa7306","ottawa (IL)","USA",12418,TRUE,TRUE,TRUE,FALSE,TRUE,FALSE,1973,2006,FALSE,TRUE,FALSE
"1366","phll.usa7306","usa7306","philadelphia (PA)","USA",12418,TRUE,TRUE,TRUE,TRUE,TRUE,TRUE,1973,2006,FALSE,TRUE,FALSE
"1367","phnx.usa7306","usa7306","phoenix (AZ)","USA",12418,TRUE,TRUE,TRUE,TRUE,TRUE,TRUE,1973,2006,FALSE,TRUE,FALSE
"1368","plmb.usa7306","usa7306","palm beach (FL)","USA",12418,TRUE,TRUE,TRUE,TRUE,TRUE,TRUE,1973,2006,FALSE,TRUE,FALSE
"1369","plym.usa7306","usa7306","plymouth (MA)","USA",12418,FALSE,TRUE,TRUE,FALSE,FALSE,FALSE,1973,2006,FALSE,TRUE,FALSE
"1370","pnsc.usa7306","usa7306","pensacola (FL)","USA",12418,TRUE,TRUE,TRUE,TRUE,TRUE,FALSE,1973,2006,FALSE,TRUE,FALSE
"1371","pror.usa7306","usa7306","portland (OR)","USA",12418,TRUE,TRUE,TRUE,TRUE,TRUE,TRUE,1973,2006,FALSE,TRUE,FALSE
"1372","prov.usa7306","usa7306","provo (UT)","USA",12418,TRUE,TRUE,TRUE,TRUE,FALSE,TRUE,1973,2006,FALSE,TRUE,FALSE
"1373","prta.usa7306","usa7306","port arthur (TX)","USA",12418,TRUE,TRUE,TRUE,TRUE,TRUE,TRUE,1973,2006,FALSE,TRUE,FALSE
"1374","prtg.usa7306","usa7306","portage (IN)","USA",12418,TRUE,TRUE,TRUE,FALSE,TRUE,FALSE,1973,2006,FALSE,TRUE,FALSE
"1375","prtl.usa7306","usa7306","portland (ME)","USA",12418,TRUE,TRUE,TRUE,TRUE,TRUE,TRUE,1973,2006,FALSE,TRUE,FALSE
"1376","prvd.usa7306","usa7306","providence (RI)","USA",12418,TRUE,TRUE,TRUE,TRUE,TRUE,TRUE,1973,2006,FALSE,TRUE,FALSE
"1377","ptts.usa7306","usa7306","pittsburgh (PA)","USA",12418,TRUE,TRUE,TRUE,TRUE,TRUE,TRUE,1973,2006,FALSE,TRUE,FALSE
"1378","rchm.usa7306","usa7306","richmond (VA)","USA",12418,TRUE,TRUE,TRUE,TRUE,TRUE,TRUE,1973,2006,FALSE,TRUE,FALSE
"1379","rchs.usa7306","usa7306","rochester (NY)","USA",12418,TRUE,TRUE,TRUE,FALSE,TRUE,TRUE,1973,2006,FALSE,TRUE,FALSE
"1380","rckv.usa7306","usa7306","rockville (MD)","USA",12418,TRUE,TRUE,TRUE,FALSE,FALSE,TRUE,1973,2006,FALSE,TRUE,FALSE
"1381","rdng.usa7306","usa7306","reading (PA)","USA",12418,TRUE,TRUE,TRUE,TRUE,TRUE,TRUE,1973,2006,FALSE,TRUE,FALSE
"1382","reno.usa7306","usa7306","reno (NV)","USA",12418,TRUE,TRUE,TRUE,TRUE,FALSE,TRUE,1973,2006,FALSE,TRUE,FALSE
"1383","rlgh.usa7306","usa7306","raleigh (NC)","USA",12418,TRUE,TRUE,TRUE,TRUE,TRUE,TRUE,1973,2006,FALSE,TRUE,FALSE
"1384","rvrs.usa7306","usa7306","riverside (CA)","USA",12418,TRUE,TRUE,TRUE,TRUE,TRUE,TRUE,1973,2006,FALSE,TRUE,FALSE
"1385","scrm.usa7306","usa7306","sacramento (CA)","USA",12418,TRUE,TRUE,TRUE,TRUE,TRUE,TRUE,1973,2006,FALSE,TRUE,FALSE
"1386","scrn.usa7306","usa7306","scranton (PA)","USA",12418,TRUE,TRUE,TRUE,TRUE,TRUE,TRUE,1973,2006,FALSE,TRUE,FALSE
"1387","sdig.usa7306","usa7306","san diego (CA)","USA",12418,TRUE,TRUE,TRUE,TRUE,TRUE,TRUE,1973,2006,FALSE,TRUE,FALSE
"1388","sfrn.usa7306","usa7306","san francisco (CA)","USA",12418,TRUE,TRUE,TRUE,TRUE,TRUE,TRUE,1973,2006,FALSE,TRUE,FALSE
"1389","sltl.usa7306","usa7306","salt lake city (UT)","USA",12418,TRUE,TRUE,TRUE,TRUE,TRUE,TRUE,1973,2006,FALSE,TRUE,FALSE
"1390","snjs.usa7306","usa7306","san jose (CA)","USA",12418,TRUE,TRUE,TRUE,TRUE,FALSE,TRUE,1973,2006,FALSE,TRUE,FALSE
"1392","sntn.usa7306","usa7306","san antonio (TX)","USA",12418,TRUE,TRUE,TRUE,TRUE,TRUE,TRUE,1973,2006,FALSE,TRUE,FALSE
"1393","spkn.usa7306","usa7306","spokane (WA)","USA",12418,TRUE,TRUE,TRUE,FALSE,FALSE,TRUE,1973,2006,FALSE,TRUE,FALSE
"1394","spma.usa7306","usa7306","springfield (MA)","USA",12418,TRUE,TRUE,TRUE,TRUE,TRUE,TRUE,1973,2006,FALSE,TRUE,FALSE
"1395","spmo.usa7306","usa7306","springfield (MO)","USA",12418,TRUE,TRUE,TRUE,TRUE,TRUE,TRUE,1973,2006,FALSE,TRUE,FALSE
"1396","sprt.usa7306","usa7306","spartanburg (SC)","USA",12418,TRUE,TRUE,TRUE,FALSE,FALSE,FALSE,1973,2006,FALSE,TRUE,FALSE
"1397","srst.usa7306","usa7306","sarasota (FL)","USA",12418,TRUE,TRUE,TRUE,TRUE,TRUE,TRUE,1973,2006,FALSE,TRUE,FALSE
"1398","stbn.usa7306","usa7306","steubenville (OH)","USA",12418,TRUE,TRUE,TRUE,TRUE,TRUE,TRUE,1973,2006,FALSE,TRUE,FALSE
"1399","stch.usa7306","usa7306","st. charles (MO)","USA",12418,TRUE,TRUE,TRUE,TRUE,TRUE,FALSE,1973,2006,FALSE,TRUE,FALSE
"1400","stck.usa7306","usa7306","stockton (CA)","USA",12418,TRUE,TRUE,TRUE,TRUE,TRUE,TRUE,1973,2006,FALSE,TRUE,FALSE
"1401","stcl.usa7306","usa7306","east st. louis (IL)","USA",12418,TRUE,TRUE,FALSE,TRUE,TRUE,TRUE,1973,2006,FALSE,FALSE,FALSE
"1402","sthb.usa7306","usa7306","south bend (IN)","USA",12418,TRUE,TRUE,TRUE,TRUE,TRUE,TRUE,1973,2006,FALSE,TRUE,FALSE
"1403","stls.usa7306","usa7306","st. louis (MO)","USA",12418,TRUE,TRUE,TRUE,TRUE,TRUE,TRUE,1973,2006,FALSE,TRUE,FALSE
"1404","stmf.usa7306","usa7306","stamford (CT)","USA",12418,TRUE,TRUE,TRUE,TRUE,TRUE,TRUE,1973,2006,FALSE,TRUE,FALSE
"1405","stpt.usa7306","usa7306","st. petersburg (FL)","USA",12418,TRUE,TRUE,TRUE,TRUE,TRUE,TRUE,1973,2006,FALSE,TRUE,FALSE
"1406","sttc.usa7306","usa7306","state college (PA)","USA",12418,FALSE,TRUE,TRUE,TRUE,TRUE,FALSE,1973,2006,FALSE,TRUE,FALSE
"1407","sttl.usa7306","usa7306","seattle (WA)","USA",12418,TRUE,TRUE,TRUE,TRUE,TRUE,TRUE,1973,2006,FALSE,TRUE,FALSE
"1408","sxct.usa7306","usa7306","sioux city (IA)","USA",12418,TRUE,TRUE,TRUE,FALSE,TRUE,FALSE,1973,2006,FALSE,TRUE,FALSE
"1409","tacm.usa7306","usa7306","tacoma (WA)","USA",12418,TRUE,TRUE,TRUE,FALSE,TRUE,TRUE,1973,2006,FALSE,TRUE,FALSE
"1410","tamp.usa7306","usa7306","tampa (FL)","USA",12418,TRUE,TRUE,TRUE,TRUE,TRUE,TRUE,1973,2006,FALSE,TRUE,FALSE
"1411","tcsn.usa7306","usa7306","tucson (AZ)","USA",12418,TRUE,TRUE,TRUE,TRUE,TRUE,TRUE,1973,2006,FALSE,TRUE,FALSE
"1412","tllh.usa7306","usa7306","tallahassee (FL)","USA",12418,TRUE,TRUE,TRUE,FALSE,FALSE,FALSE,1973,2006,FALSE,TRUE,FALSE
"1413","told.usa7306","usa7306","toledo (OH)","USA",12418,TRUE,TRUE,TRUE,FALSE,TRUE,TRUE,1973,2006,FALSE,TRUE,FALSE
"1414","topk.usa7306","usa7306","topeka (KS)","USA",12418,TRUE,TRUE,TRUE,FALSE,FALSE,FALSE,1973,2006,FALSE,TRUE,FALSE
"1415","trnt.usa7306","usa7306","trenton (NJ)","USA",12418,TRUE,TRUE,TRUE,TRUE,TRUE,TRUE,1973,2006,FALSE,TRUE,FALSE
"1416","trrh.usa7306","usa7306","terre haute (IN)","USA",12418,TRUE,TRUE,TRUE,FALSE,TRUE,TRUE,1973,2006,FALSE,TRUE,FALSE
"1417","tuls.usa7306","usa7306","tulsa (OK)","USA",12418,TRUE,TRUE,TRUE,TRUE,TRUE,TRUE,1973,2006,FALSE,TRUE,FALSE
"1418","visl.usa7306","usa7306","visalia (CA)","USA",12418,TRUE,TRUE,TRUE,TRUE,TRUE,TRUE,1973,2006,FALSE,TRUE,FALSE
"1419","vncv.usa7306","usa7306","vancouver (WA)","USA",12418,TRUE,TRUE,TRUE,TRUE,TRUE,TRUE,1973,2006,FALSE,TRUE,FALSE
"1420","vntr.usa7306","usa7306","ventura (CA)","USA",12418,TRUE,TRUE,TRUE,TRUE,TRUE,TRUE,1973,2006,FALSE,TRUE,FALSE
"1421","wcht.usa7306","usa7306","wichita (KS)","USA",12418,TRUE,TRUE,TRUE,TRUE,TRUE,TRUE,1973,2006,FALSE,TRUE,FALSE
"1422","webr.usa7306","usa7306","ogden (UT)","USA",12418,TRUE,TRUE,TRUE,TRUE,FALSE,TRUE,1973,2006,FALSE,TRUE,FALSE
"1423","wlmn.usa7306","usa7306","wilmington (DE)","USA",12418,TRUE,TRUE,TRUE,TRUE,TRUE,TRUE,1973,2006,FALSE,TRUE,FALSE
"1424","wnst.usa7306","usa7306","winston-salem (NC)","USA",12418,TRUE,TRUE,TRUE,TRUE,TRUE,TRUE,1973,2006,FALSE,TRUE,FALSE
"1425","wrcs.usa7306","usa7306","worcester (MA)","USA",12418,TRUE,TRUE,TRUE,TRUE,TRUE,TRUE,1973,2006,FALSE,TRUE,FALSE
"1426","wsdc.usa7306","usa7306","washington (DC)","USA",12418,TRUE,TRUE,TRUE,TRUE,TRUE,TRUE,1973,2006,FALSE,TRUE,FALSE
"1427","wshn.usa7306","usa7306","washington (PA)","USA",12418,TRUE,TRUE,TRUE,TRUE,TRUE,TRUE,1973,2006,FALSE,TRUE,FALSE
"1428","yngs.usa7306","usa7306","youngstown (OH)","USA",12418,TRUE,TRUE,TRUE,TRUE,TRUE,TRUE,1973,2006,FALSE,TRUE,FALSE
"1429","york.usa7306","usa7306","york (PA)","USA",12418,TRUE,TRUE,TRUE,TRUE,TRUE,TRUE,1973,2006,FALSE,TRUE,FALSE
